<?xml version="1.0" encoding="UTF-8"?>
<gpx creator="Garmin Connect" version="1.1"
  xsi:schemaLocation="http://www.topografix.com/GPX/1/1 http://www.topografix.com/GPX/11.xsd"
  xmlns:ns3="http://www.garmin.com/xmlschemas/TrackPointExtension/v1"
  xmlns="http://www.topografix.com/GPX/1/1"
  xmlns:xsi="http://www.w3.org/2001/XMLSchema-instance" xmlns:ns2="http://www.garmin.com/xmlschemas/GpxExtensions/v3">
  <metadata>
    <link href="connect.garmin.com">
      <text>Garmin Connect</text>
    </link>
    <time>2026-09-26T20:12:07.000Z</time>
  </metadata>
  <trk>
    <name>Waitakere Mountain Biking</name>
    <type>mountain_biking</type>
    <trkseg>
      <trkpt lat="-36.9123373366892338" lon="174.512342344969511">
        <ele>239.8000030517578125</ele>
        <time>2026-09-26T20:12:07.000Z</time>
        <extensions>
          <ns3:TrackPointExtension>
            <ns3:atemp>14.0</ns3:atemp>
            <ns3:hr>111</ns3:hr>
          </ns3:TrackPointExtension>
        </extensions>
      </trkpt>
      <trkpt lat="-36.9123507477343082" lon="174.5123575162142515">
        <ele>240.0</ele>
        <time>2026-09-26T20:12:08.000Z</time>
        <extensions>
          <ns3:TrackPointExtension>
            <ns3:atemp>14.0</ns3:atemp>
            <ns3:hr>111</ns3:hr>
          </ns3:TrackPointExtension>
        </extensions>
      </trkpt>
      <trkpt lat="-36.9123332295566797" lon="174.5123356394469738">
        <ele>240.0</ele>
        <time>2026-09-26T20:12:09.000Z</time>
        <extensions>
          <ns3:TrackPointExtension>
            <ns3:atemp>14.0</ns3:atemp>
            <ns3:hr>111</ns3:hr>
          </ns3:TrackPointExtension>
        </extensions>
      </trkpt>
      <trkpt lat="-36.9123493228107691" lon="174.512342344969511">
        <ele>240.0</ele>
        <time>2026-09-26T20:12:10.000Z</time>
        <extensions>
          <ns3:TrackPointExtension>
            <ns3:atemp>14.0</ns3:atemp>
            <ns3:hr>112</ns3:hr>
          </ns3:TrackPointExtension>
        </extensions>
      </trkpt>
      <trkpt lat="-36.9123460538685322" lon="174.5123230665922165">
        <ele>239.8000030517578125</ele>
        <time>2026-09-26T20:12:11.000Z</time>
        <extensions>
          <ns3:TrackPointExtension>
            <ns3:atemp>14.0</ns3:atemp>
            <ns3:hr>112</ns3:hr>
          </ns3:TrackPointExtension>
        </extensions>
      </trkpt>
      <trkpt lat="-36.9123280327767134" lon="174.5123415905982256">
        <ele>240.0</ele>
        <time>2026-09-26T20:12:12.000Z</time>
        <extensions>
          <ns3:TrackPointExtension>
            <ns3:atemp>14.0</ns3:atemp>
            <ns3:hr>111</ns3:hr>
          </ns3:TrackPointExtension>
        </extensions>
      </trkpt>
      <trkpt lat="-36.9123541004955769" lon="174.512363551184535">
        <ele>240.1999969482421875</ele>
        <time>2026-09-26T20:12:13.000Z</time>
        <extensions>
          <ns3:TrackPointExtension>
            <ns3:atemp>14.0</ns3:atemp>
            <ns3:hr>110</ns3:hr>
          </ns3:TrackPointExtension>
        </extensions>
      </trkpt>
      <trkpt lat="-36.9123352412134409" lon="174.5123536605387926">
        <ele>239.8000030517578125</ele>
        <time>2026-09-26T20:12:14.000Z</time>
        <extensions>
          <ns3:TrackPointExtension>
            <ns3:atemp>14.0</ns3:atemp>
            <ns3:hr>110</ns3:hr>
          </ns3:TrackPointExtension>
        </extensions>
      </trkpt>
      <trkpt lat="-36.9123261887580156" lon="174.5123341307044029">
        <ele>240.1999969482421875</ele>
        <time>2026-09-26T20:12:15.000Z</time>
        <extensions>
          <ns3:TrackPointExtension>
            <ns3:atemp>14.0</ns3:atemp>
            <ns3:hr>109</ns3:hr>
          </ns3:TrackPointExtension>
        </extensions>
      </trkpt>
      <trkpt lat="-36.9123474787920713" lon="174.5123336277902126">
        <ele>240.0</ele>
        <time>2026-09-26T20:12:16.000Z</time>
        <extensions>
          <ns3:TrackPointExtension>
            <ns3:atemp>14.0</ns3:atemp>
            <ns3:hr>108</ns3:hr>
          </ns3:TrackPointExtension>
        </extensions>
      </trkpt>
      <trkpt lat="-36.9123429525643587" lon="174.5123444404453039">
        <ele>240.0</ele>
        <time>2026-09-26T20:12:17.000Z</time>
        <extensions>
          <ns3:TrackPointExtension>
            <ns3:atemp>14.0</ns3:atemp>
            <ns3:hr>108</ns3:hr>
          </ns3:TrackPointExtension>
        </extensions>
      </trkpt>
      <trkpt lat="-36.912356112152338" lon="174.5123379863798618">
        <ele>240.0</ele>
        <time>2026-09-26T20:12:18.000Z</time>
        <extensions>
          <ns3:TrackPointExtension>
            <ns3:atemp>14.0</ns3:atemp>
            <ns3:hr>108</ns3:hr>
          </ns3:TrackPointExtension>
        </extensions>
      </trkpt>
      <trkpt lat="-36.912340521812439" lon="174.5123322028666735">
        <ele>240.1999969482421875</ele>
        <time>2026-09-26T20:12:19.000Z</time>
        <extensions>
          <ns3:TrackPointExtension>
            <ns3:atemp>14.0</ns3:atemp>
            <ns3:hr>107</ns3:hr>
          </ns3:TrackPointExtension>
        </extensions>
      </trkpt>
      <trkpt lat="-36.9123400188982487" lon="174.5123576838523149">
        <ele>240.1999969482421875</ele>
        <time>2026-09-26T20:12:20.000Z</time>
        <extensions>
          <ns3:TrackPointExtension>
            <ns3:atemp>14.0</ns3:atemp>
            <ns3:hr>106</ns3:hr>
          </ns3:TrackPointExtension>
        </extensions>
      </trkpt>
      <trkpt lat="-36.9123351573944092" lon="174.5123673230409622">
        <ele>240.0</ele>
        <time>2026-09-26T20:12:21.000Z</time>
        <extensions>
          <ns3:TrackPointExtension>
            <ns3:atemp>14.0</ns3:atemp>
            <ns3:hr>105</ns3:hr>
          </ns3:TrackPointExtension>
        </extensions>
      </trkpt>
      <trkpt lat="-36.9123471435159445" lon="174.5123493857681751">
        <ele>240.0</ele>
        <time>2026-09-26T20:12:22.000Z</time>
        <extensions>
          <ns3:TrackPointExtension>
            <ns3:atemp>14.0</ns3:atemp>
            <ns3:hr>105</ns3:hr>
          </ns3:TrackPointExtension>
        </extensions>
      </trkpt>
      <trkpt lat="-36.9123453833162785" lon="174.512364137917757">
        <ele>240.0</ele>
        <time>2026-09-26T20:12:23.000Z</time>
        <extensions>
          <ns3:TrackPointExtension>
            <ns3:atemp>14.0</ns3:atemp>
            <ns3:hr>104</ns3:hr>
          </ns3:TrackPointExtension>
        </extensions>
      </trkpt>
      <trkpt lat="-36.9123590458184481" lon="174.51234913431108">
        <ele>240.0</ele>
        <time>2026-09-26T20:12:24.000Z</time>
        <extensions>
          <ns3:TrackPointExtension>
            <ns3:atemp>14.0</ns3:atemp>
            <ns3:hr>104</ns3:hr>
          </ns3:TrackPointExtension>
        </extensions>
      </trkpt>
      <trkpt lat="-36.9123406894505024" lon="174.5123702567070723">
        <ele>239.8000030517578125</ele>
        <time>2026-09-26T20:12:25.000Z</time>
        <extensions>
          <ns3:TrackPointExtension>
            <ns3:atemp>14.0</ns3:atemp>
            <ns3:hr>103</ns3:hr>
          </ns3:TrackPointExtension>
        </extensions>
      </trkpt>
      <trkpt lat="-36.9123453833162785" lon="174.5123437698930502">
        <ele>240.0</ele>
        <time>2026-09-26T20:12:26.000Z</time>
        <extensions>
          <ns3:TrackPointExtension>
            <ns3:atemp>14.0</ns3:atemp>
            <ns3:hr>101</ns3:hr>
          </ns3:TrackPointExtension>
        </extensions>
      </trkpt>
      <trkpt lat="-36.9123756419867277" lon="174.5123568456619978">
        <ele>239.8000030517578125</ele>
        <time>2026-09-26T20:12:27.000Z</time>
        <extensions>
          <ns3:TrackPointExtension>
            <ns3:atemp>14.0</ns3:atemp>
            <ns3:hr>104</ns3:hr>
          </ns3:TrackPointExtension>
        </extensions>
      </trkpt>
      <trkpt lat="-36.9124345667660236" lon="174.512321138754487">
        <ele>240.0</ele>
        <time>2026-09-26T20:12:28.000Z</time>
        <extensions>
          <ns3:TrackPointExtension>
            <ns3:atemp>14.0</ns3:atemp>
            <ns3:hr>107</ns3:hr>
          </ns3:TrackPointExtension>
        </extensions>
      </trkpt>
      <trkpt lat="-36.9124573655426502" lon="174.5122943166643381">
        <ele>239.8000030517578125</ele>
        <time>2026-09-26T20:12:29.000Z</time>
        <extensions>
          <ns3:TrackPointExtension>
            <ns3:atemp>14.0</ns3:atemp>
            <ns3:hr>109</ns3:hr>
          </ns3:TrackPointExtension>
        </extensions>
      </trkpt>
      <trkpt lat="-36.9125017896294594" lon="174.5122646447271109">
        <ele>239.600006103515625</ele>
        <time>2026-09-26T20:12:30.000Z</time>
        <extensions>
          <ns3:TrackPointExtension>
            <ns3:atemp>14.0</ns3:atemp>
            <ns3:hr>110</ns3:hr>
          </ns3:TrackPointExtension>
        </extensions>
      </trkpt>
      <trkpt lat="-36.9125787355005741" lon="174.5122776366770267">
        <ele>239.399993896484375</ele>
        <time>2026-09-26T20:12:31.000Z</time>
        <extensions>
          <ns3:TrackPointExtension>
            <ns3:atemp>14.0</ns3:atemp>
            <ns3:hr>111</ns3:hr>
          </ns3:TrackPointExtension>
        </extensions>
      </trkpt>
      <trkpt lat="-36.912571107968688" lon="174.5122685004025698">
        <ele>239.399993896484375</ele>
        <time>2026-09-26T20:12:32.000Z</time>
        <extensions>
          <ns3:TrackPointExtension>
            <ns3:atemp>14.0</ns3:atemp>
            <ns3:hr>113</ns3:hr>
          </ns3:TrackPointExtension>
        </extensions>
      </trkpt>
      <trkpt lat="-36.9126463774591684" lon="174.5122494734823704">
        <ele>239.1999969482421875</ele>
        <time>2026-09-26T20:12:33.000Z</time>
        <extensions>
          <ns3:TrackPointExtension>
            <ns3:atemp>14.0</ns3:atemp>
            <ns3:hr>114</ns3:hr>
          </ns3:TrackPointExtension>
        </extensions>
      </trkpt>
      <trkpt lat="-36.9126966688781977" lon="174.5122267585247755">
        <ele>239.0</ele>
        <time>2026-09-26T20:12:34.000Z</time>
        <extensions>
          <ns3:TrackPointExtension>
            <ns3:atemp>14.0</ns3:atemp>
            <ns3:hr>115</ns3:hr>
          </ns3:TrackPointExtension>
        </extensions>
      </trkpt>
      <trkpt lat="-36.9127452839165926" lon="174.5121775567531586">
        <ele>239.0</ele>
        <time>2026-09-26T20:12:35.000Z</time>
        <extensions>
          <ns3:TrackPointExtension>
            <ns3:atemp>14.0</ns3:atemp>
            <ns3:hr>117</ns3:hr>
          </ns3:TrackPointExtension>
        </extensions>
      </trkpt>
      <trkpt lat="-36.9127501454204321" lon="174.5121255051344633">
        <ele>238.8000030517578125</ele>
        <time>2026-09-26T20:12:36.000Z</time>
        <extensions>
          <ns3:TrackPointExtension>
            <ns3:atemp>14.0</ns3:atemp>
            <ns3:hr>120</ns3:hr>
          </ns3:TrackPointExtension>
        </extensions>
      </trkpt>
      <trkpt lat="-36.9128190446645021" lon="174.5121317077428102">
        <ele>238.600006103515625</ele>
        <time>2026-09-26T20:12:37.000Z</time>
        <extensions>
          <ns3:TrackPointExtension>
            <ns3:atemp>14.0</ns3:atemp>
            <ns3:hr>121</ns3:hr>
          </ns3:TrackPointExtension>
        </extensions>
      </trkpt>
      <trkpt lat="-36.9128392450511456" lon="174.5121017843484879">
        <ele>238.1999969482421875</ele>
        <time>2026-09-26T20:12:38.000Z</time>
        <extensions>
          <ns3:TrackPointExtension>
            <ns3:atemp>14.0</ns3:atemp>
            <ns3:hr>123</ns3:hr>
          </ns3:TrackPointExtension>
        </extensions>
      </trkpt>
      <trkpt lat="-36.9128914643079042" lon="174.512080242857337">
        <ele>238.0</ele>
        <time>2026-09-26T20:12:39.000Z</time>
        <extensions>
          <ns3:TrackPointExtension>
            <ns3:atemp>14.0</ns3:atemp>
            <ns3:hr>125</ns3:hr>
          </ns3:TrackPointExtension>
        </extensions>
      </trkpt>
      <trkpt lat="-36.9129436835646629" lon="174.5120577793568373">
        <ele>238.0</ele>
        <time>2026-09-26T20:12:40.000Z</time>
        <extensions>
          <ns3:TrackPointExtension>
            <ns3:atemp>14.0</ns3:atemp>
            <ns3:hr>126</ns3:hr>
          </ns3:TrackPointExtension>
        </extensions>
      </trkpt>
      <trkpt lat="-36.9129540771245956" lon="174.5120143610984087">
        <ele>237.8000030517578125</ele>
        <time>2026-09-26T20:12:41.000Z</time>
        <extensions>
          <ns3:TrackPointExtension>
            <ns3:atemp>14.0</ns3:atemp>
            <ns3:hr>125</ns3:hr>
          </ns3:TrackPointExtension>
        </extensions>
      </trkpt>
      <trkpt lat="-36.9130073022097349" lon="174.5119986869394779">
        <ele>237.600006103515625</ele>
        <time>2026-09-26T20:12:42.000Z</time>
        <extensions>
          <ns3:TrackPointExtension>
            <ns3:atemp>14.0</ns3:atemp>
            <ns3:hr>126</ns3:hr>
          </ns3:TrackPointExtension>
        </extensions>
      </trkpt>
      <trkpt lat="-36.9130654726177454" lon="174.5119987707585096">
        <ele>237.600006103515625</ele>
        <time>2026-09-26T20:12:43.000Z</time>
        <extensions>
          <ns3:TrackPointExtension>
            <ns3:atemp>14.0</ns3:atemp>
            <ns3:hr>127</ns3:hr>
          </ns3:TrackPointExtension>
        </extensions>
      </trkpt>
      <trkpt lat="-36.9130749441683292" lon="174.511963902041316">
        <ele>237.399993896484375</ele>
        <time>2026-09-26T20:12:44.000Z</time>
        <extensions>
          <ns3:TrackPointExtension>
            <ns3:atemp>14.0</ns3:atemp>
            <ns3:hr>128</ns3:hr>
          </ns3:TrackPointExtension>
        </extensions>
      </trkpt>
      <trkpt lat="-36.9131253194063902" lon="174.5119147840887308">
        <ele>237.399993896484375</ele>
        <time>2026-09-26T20:12:45.000Z</time>
        <extensions>
          <ns3:TrackPointExtension>
            <ns3:atemp>14.0</ns3:atemp>
            <ns3:hr>130</ns3:hr>
          </ns3:TrackPointExtension>
        </extensions>
      </trkpt>
      <trkpt lat="-36.9131592661142349" lon="174.5119096711277962">
        <ele>237.0</ele>
        <time>2026-09-26T20:12:46.000Z</time>
        <extensions>
          <ns3:TrackPointExtension>
            <ns3:atemp>14.0</ns3:atemp>
            <ns3:hr>130</ns3:hr>
          </ns3:TrackPointExtension>
        </extensions>
      </trkpt>
      <trkpt lat="-36.9132099766284227" lon="174.5118654146790504">
        <ele>237.0</ele>
        <time>2026-09-26T20:12:47.000Z</time>
        <extensions>
          <ns3:TrackPointExtension>
            <ns3:atemp>14.0</ns3:atemp>
            <ns3:hr>132</ns3:hr>
          </ns3:TrackPointExtension>
        </extensions>
      </trkpt>
      <trkpt lat="-36.9132415764033794" lon="174.511863486841321">
        <ele>236.600006103515625</ele>
        <time>2026-09-26T20:12:48.000Z</time>
        <extensions>
          <ns3:TrackPointExtension>
            <ns3:atemp>14.0</ns3:atemp>
            <ns3:hr>132</ns3:hr>
          </ns3:TrackPointExtension>
        </extensions>
      </trkpt>
      <trkpt lat="-36.9132969807833433" lon="174.5118254330009222">
        <ele>236.8000030517578125</ele>
        <time>2026-09-26T20:12:49.000Z</time>
        <extensions>
          <ns3:TrackPointExtension>
            <ns3:atemp>14.0</ns3:atemp>
            <ns3:hr>133</ns3:hr>
          </ns3:TrackPointExtension>
        </extensions>
      </trkpt>
      <trkpt lat="-36.9133373815566301" lon="174.5117948390543461">
        <ele>236.600006103515625</ele>
        <time>2026-09-26T20:12:50.000Z</time>
        <extensions>
          <ns3:TrackPointExtension>
            <ns3:atemp>14.0</ns3:atemp>
            <ns3:hr>134</ns3:hr>
          </ns3:TrackPointExtension>
        </extensions>
      </trkpt>
      <trkpt lat="-36.9133844040334225" lon="174.5118024665862322">
        <ele>236.399993896484375</ele>
        <time>2026-09-26T20:12:51.000Z</time>
        <extensions>
          <ns3:TrackPointExtension>
            <ns3:atemp>14.0</ns3:atemp>
            <ns3:hr>134</ns3:hr>
          </ns3:TrackPointExtension>
        </extensions>
      </trkpt>
      <trkpt lat="-36.9134255591779947" lon="174.5118017960339785">
        <ele>236.399993896484375</ele>
        <time>2026-09-26T20:12:52.000Z</time>
        <extensions>
          <ns3:TrackPointExtension>
            <ns3:atemp>14.0</ns3:atemp>
            <ns3:hr>135</ns3:hr>
          </ns3:TrackPointExtension>
        </extensions>
      </trkpt>
      <trkpt lat="-36.9134532194584608" lon="174.5117655862122774">
        <ele>236.1999969482421875</ele>
        <time>2026-09-26T20:12:53.000Z</time>
        <extensions>
          <ns3:TrackPointExtension>
            <ns3:atemp>14.0</ns3:atemp>
            <ns3:hr>136</ns3:hr>
          </ns3:TrackPointExtension>
        </extensions>
      </trkpt>
      <trkpt lat="-36.9134809635579586" lon="174.5117487385869026">
        <ele>236.0</ele>
        <time>2026-09-26T20:12:54.000Z</time>
        <extensions>
          <ns3:TrackPointExtension>
            <ns3:atemp>14.0</ns3:atemp>
            <ns3:hr>137</ns3:hr>
          </ns3:TrackPointExtension>
        </extensions>
      </trkpt>
      <trkpt lat="-36.913502337411046" lon="174.51174421235919">
        <ele>235.8000030517578125</ele>
        <time>2026-09-26T20:12:55.000Z</time>
        <extensions>
          <ns3:TrackPointExtension>
            <ns3:atemp>14.0</ns3:atemp>
            <ns3:hr>137</ns3:hr>
          </ns3:TrackPointExtension>
        </extensions>
      </trkpt>
      <trkpt lat="-36.9135777745395899" lon="174.5117166358977556">
        <ele>235.399993896484375</ele>
        <time>2026-09-26T20:12:56.000Z</time>
        <extensions>
          <ns3:TrackPointExtension>
            <ns3:atemp>14.0</ns3:atemp>
            <ns3:hr>136</ns3:hr>
          </ns3:TrackPointExtension>
        </extensions>
      </trkpt>
      <trkpt lat="-36.913622198626399" lon="174.5116653386503458">
        <ele>235.1999969482421875</ele>
        <time>2026-09-26T20:12:57.000Z</time>
        <extensions>
          <ns3:TrackPointExtension>
            <ns3:atemp>14.0</ns3:atemp>
            <ns3:hr>136</ns3:hr>
          </ns3:TrackPointExtension>
        </extensions>
      </trkpt>
      <trkpt lat="-36.9136506132781506" lon="174.5116104371845722">
        <ele>235.1999969482421875</ele>
        <time>2026-09-26T20:12:58.000Z</time>
        <extensions>
          <ns3:TrackPointExtension>
            <ns3:atemp>14.0</ns3:atemp>
            <ns3:hr>135</ns3:hr>
          </ns3:TrackPointExtension>
        </extensions>
      </trkpt>
      <trkpt lat="-36.9137098733335733" lon="174.5115602295845747">
        <ele>234.600006103515625</ele>
        <time>2026-09-26T20:12:59.000Z</time>
        <extensions>
          <ns3:TrackPointExtension>
            <ns3:atemp>14.0</ns3:atemp>
            <ns3:hr>135</ns3:hr>
          </ns3:TrackPointExtension>
        </extensions>
      </trkpt>
      <trkpt lat="-36.9137461669743061" lon="174.5114743150770664">
        <ele>234.0</ele>
        <time>2026-09-26T20:13:00.000Z</time>
        <extensions>
          <ns3:TrackPointExtension>
            <ns3:atemp>14.0</ns3:atemp>
            <ns3:hr>135</ns3:hr>
          </ns3:TrackPointExtension>
        </extensions>
      </trkpt>
      <trkpt lat="-36.913782125338912" lon="174.5114528574049473">
        <ele>233.1999969482421875</ele>
        <time>2026-09-26T20:13:01.000Z</time>
        <extensions>
          <ns3:TrackPointExtension>
            <ns3:atemp>14.0</ns3:atemp>
            <ns3:hr>135</ns3:hr>
          </ns3:TrackPointExtension>
        </extensions>
      </trkpt>
      <trkpt lat="-36.9138224422931671" lon="174.5113556273281574">
        <ele>232.399993896484375</ele>
        <time>2026-09-26T20:13:02.000Z</time>
        <extensions>
          <ns3:TrackPointExtension>
            <ns3:atemp>14.0</ns3:atemp>
            <ns3:hr>135</ns3:hr>
          </ns3:TrackPointExtension>
        </extensions>
      </trkpt>
      <trkpt lat="-36.9138552155345678" lon="174.5113255362957716">
        <ele>231.8000030517578125</ele>
        <time>2026-09-26T20:13:03.000Z</time>
        <extensions>
          <ns3:TrackPointExtension>
            <ns3:atemp>14.0</ns3:atemp>
            <ns3:hr>135</ns3:hr>
          </ns3:TrackPointExtension>
        </extensions>
      </trkpt>
      <trkpt lat="-36.9139174930751324" lon="174.5112638454884291">
        <ele>231.399993896484375</ele>
        <time>2026-09-26T20:13:04.000Z</time>
        <extensions>
          <ns3:TrackPointExtension>
            <ns3:atemp>14.0</ns3:atemp>
            <ns3:hr>137</ns3:hr>
          </ns3:TrackPointExtension>
        </extensions>
      </trkpt>
      <trkpt lat="-36.9139498472213745" lon="174.5111747458577156">
        <ele>230.600006103515625</ele>
        <time>2026-09-26T20:13:05.000Z</time>
        <extensions>
          <ns3:TrackPointExtension>
            <ns3:atemp>14.0</ns3:atemp>
            <ns3:hr>138</ns3:hr>
          </ns3:TrackPointExtension>
        </extensions>
      </trkpt>
      <trkpt lat="-36.9140053354203701" lon="174.5111152343451977">
        <ele>230.0</ele>
        <time>2026-09-26T20:13:06.000Z</time>
        <extensions>
          <ns3:TrackPointExtension>
            <ns3:atemp>14.0</ns3:atemp>
            <ns3:hr>138</ns3:hr>
          </ns3:TrackPointExtension>
        </extensions>
      </trkpt>
      <trkpt lat="-36.9140299782156944" lon="174.5110828801989555">
        <ele>229.399993896484375</ele>
        <time>2026-09-26T20:13:07.000Z</time>
        <extensions>
          <ns3:TrackPointExtension>
            <ns3:atemp>14.0</ns3:atemp>
            <ns3:hr>140</ns3:hr>
          </ns3:TrackPointExtension>
        </extensions>
      </trkpt>
      <trkpt lat="-36.9140797667205334" lon="174.5109935291111469">
        <ele>228.8000030517578125</ele>
        <time>2026-09-26T20:13:08.000Z</time>
        <extensions>
          <ns3:TrackPointExtension>
            <ns3:atemp>14.0</ns3:atemp>
            <ns3:hr>140</ns3:hr>
          </ns3:TrackPointExtension>
        </extensions>
      </trkpt>
      <trkpt lat="-36.9141230173408985" lon="174.5109517872333527">
        <ele>228.0</ele>
        <time>2026-09-26T20:13:09.000Z</time>
        <extensions>
          <ns3:TrackPointExtension>
            <ns3:atemp>14.0</ns3:atemp>
            <ns3:hr>140</ns3:hr>
          </ns3:TrackPointExtension>
        </extensions>
      </trkpt>
      <trkpt lat="-36.9141351711004972" lon="174.5108897611498833">
        <ele>227.600006103515625</ele>
        <time>2026-09-26T20:13:10.000Z</time>
        <extensions>
          <ns3:TrackPointExtension>
            <ns3:atemp>14.0</ns3:atemp>
            <ns3:hr>141</ns3:hr>
          </ns3:TrackPointExtension>
        </extensions>
      </trkpt>
      <trkpt lat="-36.9141572155058384" lon="174.5108011644333601">
        <ele>227.0</ele>
        <time>2026-09-26T20:13:11.000Z</time>
        <extensions>
          <ns3:TrackPointExtension>
            <ns3:atemp>14.0</ns3:atemp>
            <ns3:hr>142</ns3:hr>
          </ns3:TrackPointExtension>
        </extensions>
      </trkpt>
      <trkpt lat="-36.9141992088407278" lon="174.5107629429548979">
        <ele>226.399993896484375</ele>
        <time>2026-09-26T20:13:12.000Z</time>
        <extensions>
          <ns3:TrackPointExtension>
            <ns3:atemp>14.0</ns3:atemp>
            <ns3:hr>142</ns3:hr>
          </ns3:TrackPointExtension>
        </extensions>
      </trkpt>
      <trkpt lat="-36.9142250251024961" lon="174.5106914453208447">
        <ele>226.1999969482421875</ele>
        <time>2026-09-26T20:13:13.000Z</time>
        <extensions>
          <ns3:TrackPointExtension>
            <ns3:atemp>14.0</ns3:atemp>
            <ns3:hr>142</ns3:hr>
          </ns3:TrackPointExtension>
        </extensions>
      </trkpt>
      <trkpt lat="-36.9142223428934813" lon="174.510628916323185">
        <ele>225.8000030517578125</ele>
        <time>2026-09-26T20:13:14.000Z</time>
        <extensions>
          <ns3:TrackPointExtension>
            <ns3:atemp>14.0</ns3:atemp>
            <ns3:hr>143</ns3:hr>
          </ns3:TrackPointExtension>
        </extensions>
      </trkpt>
      <trkpt lat="-36.9142514280974865" lon="174.5105418283492327">
        <ele>225.1999969482421875</ele>
        <time>2026-09-26T20:13:15.000Z</time>
        <extensions>
          <ns3:TrackPointExtension>
            <ns3:atemp>14.0</ns3:atemp>
            <ns3:hr>142</ns3:hr>
          </ns3:TrackPointExtension>
        </extensions>
      </trkpt>
      <trkpt lat="-36.9142923317849636" lon="174.5104628708213568">
        <ele>224.600006103515625</ele>
        <time>2026-09-26T20:13:16.000Z</time>
        <extensions>
          <ns3:TrackPointExtension>
            <ns3:atemp>14.0</ns3:atemp>
            <ns3:hr>142</ns3:hr>
          </ns3:TrackPointExtension>
        </extensions>
      </trkpt>
      <trkpt lat="-36.9142842851579189" lon="174.5103873498737812">
        <ele>224.1999969482421875</ele>
        <time>2026-09-26T20:13:17.000Z</time>
        <extensions>
          <ns3:TrackPointExtension>
            <ns3:atemp>14.0</ns3:atemp>
            <ns3:hr>143</ns3:hr>
          </ns3:TrackPointExtension>
        </extensions>
      </trkpt>
      <trkpt lat="-36.9142971932888031" lon="174.5103420875966549">
        <ele>223.600006103515625</ele>
        <time>2026-09-26T20:13:18.000Z</time>
        <extensions>
          <ns3:TrackPointExtension>
            <ns3:atemp>14.0</ns3:atemp>
            <ns3:hr>142</ns3:hr>
          </ns3:TrackPointExtension>
        </extensions>
      </trkpt>
      <trkpt lat="-36.9143158849328756" lon="174.5102518983185291">
        <ele>223.1999969482421875</ele>
        <time>2026-09-26T20:13:19.000Z</time>
        <extensions>
          <ns3:TrackPointExtension>
            <ns3:atemp>14.0</ns3:atemp>
            <ns3:hr>144</ns3:hr>
          </ns3:TrackPointExtension>
        </extensions>
      </trkpt>
      <trkpt lat="-36.9143501669168472" lon="174.5101673249155283">
        <ele>222.8000030517578125</ele>
        <time>2026-09-26T20:13:20.000Z</time>
        <extensions>
          <ns3:TrackPointExtension>
            <ns3:atemp>14.0</ns3:atemp>
            <ns3:hr>143</ns3:hr>
          </ns3:TrackPointExtension>
        </extensions>
      </trkpt>
      <trkpt lat="-36.9143651705235243" lon="174.5101112499833107">
        <ele>222.0</ele>
        <time>2026-09-26T20:13:21.000Z</time>
        <extensions>
          <ns3:TrackPointExtension>
            <ns3:atemp>14.0</ns3:atemp>
            <ns3:hr>143</ns3:hr>
          </ns3:TrackPointExtension>
        </extensions>
      </trkpt>
      <trkpt lat="-36.9143810123205185" lon="174.510036651045084">
        <ele>221.600006103515625</ele>
        <time>2026-09-26T20:13:22.000Z</time>
        <extensions>
          <ns3:TrackPointExtension>
            <ns3:atemp>14.0</ns3:atemp>
            <ns3:hr>144</ns3:hr>
          </ns3:TrackPointExtension>
        </extensions>
      </trkpt>
      <trkpt lat="-36.9144007097929716" lon="174.5099660754203796">
        <ele>221.0</ele>
        <time>2026-09-26T20:13:23.000Z</time>
        <extensions>
          <ns3:TrackPointExtension>
            <ns3:atemp>14.0</ns3:atemp>
            <ns3:hr>144</ns3:hr>
          </ns3:TrackPointExtension>
        </extensions>
      </trkpt>
      <trkpt lat="-36.9144188147038221" lon="174.5098613854497671">
        <ele>220.399993896484375</ele>
        <time>2026-09-26T20:13:24.000Z</time>
        <extensions>
          <ns3:TrackPointExtension>
            <ns3:atemp>14.0</ns3:atemp>
            <ns3:hr>143</ns3:hr>
          </ns3:TrackPointExtension>
        </extensions>
      </trkpt>
      <trkpt lat="-36.9144472293555737" lon="174.5098048914223909">
        <ele>219.8000030517578125</ele>
        <time>2026-09-26T20:13:25.000Z</time>
        <extensions>
          <ns3:TrackPointExtension>
            <ns3:atemp>14.0</ns3:atemp>
            <ns3:hr>142</ns3:hr>
          </ns3:TrackPointExtension>
        </extensions>
      </trkpt>
      <trkpt lat="-36.9144816789776087" lon="174.5097722858190536">
        <ele>219.399993896484375</ele>
        <time>2026-09-26T20:13:26.000Z</time>
        <extensions>
          <ns3:TrackPointExtension>
            <ns3:atemp>14.0</ns3:atemp>
            <ns3:hr>142</ns3:hr>
          </ns3:TrackPointExtension>
        </extensions>
      </trkpt>
      <trkpt lat="-36.9145256839692593" lon="174.5096833538264036">
        <ele>219.0</ele>
        <time>2026-09-26T20:13:27.000Z</time>
        <extensions>
          <ns3:TrackPointExtension>
            <ns3:atemp>14.0</ns3:atemp>
            <ns3:hr>144</ns3:hr>
          </ns3:TrackPointExtension>
        </extensions>
      </trkpt>
      <trkpt lat="-36.9145521707832813" lon="174.5096193999052048">
        <ele>218.1999969482421875</ele>
        <time>2026-09-26T20:13:28.000Z</time>
        <extensions>
          <ns3:TrackPointExtension>
            <ns3:atemp>14.0</ns3:atemp>
            <ns3:hr>143</ns3:hr>
          </ns3:TrackPointExtension>
        </extensions>
      </trkpt>
      <trkpt lat="-36.9145548529922962" lon="174.5095821842551231">
        <ele>217.1999969482421875</ele>
        <time>2026-09-26T20:13:29.000Z</time>
        <extensions>
          <ns3:TrackPointExtension>
            <ns3:atemp>14.0</ns3:atemp>
            <ns3:hr>144</ns3:hr>
          </ns3:TrackPointExtension>
        </extensions>
      </trkpt>
      <trkpt lat="-36.9146107602864504" lon="174.509509764611721">
        <ele>216.1999969482421875</ele>
        <time>2026-09-26T20:13:30.000Z</time>
        <extensions>
          <ns3:TrackPointExtension>
            <ns3:atemp>14.0</ns3:atemp>
            <ns3:hr>144</ns3:hr>
          </ns3:TrackPointExtension>
        </extensions>
      </trkpt>
      <trkpt lat="-36.9146243389695883" lon="174.5094371773302555">
        <ele>215.1999969482421875</ele>
        <time>2026-09-26T20:13:31.000Z</time>
        <extensions>
          <ns3:TrackPointExtension>
            <ns3:atemp>14.0</ns3:atemp>
            <ns3:hr>145</ns3:hr>
          </ns3:TrackPointExtension>
        </extensions>
      </trkpt>
      <trkpt lat="-36.9145869556814432" lon="174.5094017218798399">
        <ele>214.399993896484375</ele>
        <time>2026-09-26T20:13:32.000Z</time>
        <extensions>
          <ns3:TrackPointExtension>
            <ns3:atemp>14.0</ns3:atemp>
            <ns3:hr>145</ns3:hr>
          </ns3:TrackPointExtension>
        </extensions>
      </trkpt>
      <trkpt lat="-36.9145210739225149" lon="174.5093291345983744">
        <ele>213.399993896484375</ele>
        <time>2026-09-26T20:13:33.000Z</time>
        <extensions>
          <ns3:TrackPointExtension>
            <ns3:atemp>14.0</ns3:atemp>
            <ns3:hr>146</ns3:hr>
          </ns3:TrackPointExtension>
        </extensions>
      </trkpt>
      <trkpt lat="-36.9144774880260229" lon="174.509308934211731">
        <ele>212.399993896484375</ele>
        <time>2026-09-26T20:13:34.000Z</time>
        <extensions>
          <ns3:TrackPointExtension>
            <ns3:atemp>14.0</ns3:atemp>
            <ns3:hr>146</ns3:hr>
          </ns3:TrackPointExtension>
        </extensions>
      </trkpt>
      <trkpt lat="-36.9144077505916357" lon="174.5092531945556402">
        <ele>211.600006103515625</ele>
        <time>2026-09-26T20:13:35.000Z</time>
        <extensions>
          <ns3:TrackPointExtension>
            <ns3:atemp>14.0</ns3:atemp>
            <ns3:hr>147</ns3:hr>
          </ns3:TrackPointExtension>
        </extensions>
      </trkpt>
      <trkpt lat="-36.914389980956912" lon="174.5092314854264259">
        <ele>210.8000030517578125</ele>
        <time>2026-09-26T20:13:36.000Z</time>
        <extensions>
          <ns3:TrackPointExtension>
            <ns3:atemp>14.0</ns3:atemp>
            <ns3:hr>147</ns3:hr>
          </ns3:TrackPointExtension>
        </extensions>
      </trkpt>
      <trkpt lat="-36.914325188845396" lon="174.5091841276735067">
        <ele>209.8000030517578125</ele>
        <time>2026-09-26T20:13:37.000Z</time>
        <extensions>
          <ns3:TrackPointExtension>
            <ns3:atemp>14.0</ns3:atemp>
            <ns3:hr>149</ns3:hr>
          </ns3:TrackPointExtension>
        </extensions>
      </trkpt>
      <trkpt lat="-36.9142635818570852" lon="174.5091502647846937">
        <ele>209.0</ele>
        <time>2026-09-26T20:13:38.000Z</time>
        <extensions>
          <ns3:TrackPointExtension>
            <ns3:atemp>14.0</ns3:atemp>
            <ns3:hr>150</ns3:hr>
          </ns3:TrackPointExtension>
        </extensions>
      </trkpt>
      <trkpt lat="-36.9142316468060017" lon="174.5090984646230936">
        <ele>208.1999969482421875</ele>
        <time>2026-09-26T20:13:39.000Z</time>
        <extensions>
          <ns3:TrackPointExtension>
            <ns3:atemp>14.0</ns3:atemp>
            <ns3:hr>150</ns3:hr>
          </ns3:TrackPointExtension>
        </extensions>
      </trkpt>
      <trkpt lat="-36.9142060820013285" lon="174.5090823713690042">
        <ele>207.0</ele>
        <time>2026-09-26T20:13:40.000Z</time>
        <extensions>
          <ns3:TrackPointExtension>
            <ns3:atemp>14.0</ns3:atemp>
            <ns3:hr>149</ns3:hr>
          </ns3:TrackPointExtension>
        </extensions>
      </trkpt>
      <trkpt lat="-36.9142167270183563" lon="174.5090155676007271">
        <ele>206.1999969482421875</ele>
        <time>2026-09-26T20:13:41.000Z</time>
        <extensions>
          <ns3:TrackPointExtension>
            <ns3:atemp>14.0</ns3:atemp>
            <ns3:hr>148</ns3:hr>
          </ns3:TrackPointExtension>
        </extensions>
      </trkpt>
      <trkpt lat="-36.9142178166657686" lon="174.5089096203446388">
        <ele>205.399993896484375</ele>
        <time>2026-09-26T20:13:42.000Z</time>
        <extensions>
          <ns3:TrackPointExtension>
            <ns3:atemp>14.0</ns3:atemp>
            <ns3:hr>149</ns3:hr>
          </ns3:TrackPointExtension>
        </extensions>
      </trkpt>
      <trkpt lat="-36.9142427109181881" lon="174.5088333450257778">
        <ele>204.399993896484375</ele>
        <time>2026-09-26T20:13:43.000Z</time>
        <extensions>
          <ns3:TrackPointExtension>
            <ns3:atemp>14.0</ns3:atemp>
            <ns3:hr>149</ns3:hr>
          </ns3:TrackPointExtension>
        </extensions>
      </trkpt>
      <trkpt lat="-36.9142420403659344" lon="174.5087858196347952">
        <ele>203.399993896484375</ele>
        <time>2026-09-26T20:13:44.000Z</time>
        <extensions>
          <ns3:TrackPointExtension>
            <ns3:atemp>14.0</ns3:atemp>
            <ns3:hr>149</ns3:hr>
          </ns3:TrackPointExtension>
        </extensions>
      </trkpt>
      <trkpt lat="-36.9142462313175201" lon="174.5086926966905594">
        <ele>202.399993896484375</ele>
        <time>2026-09-26T20:13:45.000Z</time>
        <extensions>
          <ns3:TrackPointExtension>
            <ns3:atemp>14.0</ns3:atemp>
            <ns3:hr>150</ns3:hr>
          </ns3:TrackPointExtension>
        </extensions>
      </trkpt>
      <trkpt lat="-36.914255702868104" lon="174.5086147449910641">
        <ele>201.1999969482421875</ele>
        <time>2026-09-26T20:13:46.000Z</time>
        <extensions>
          <ns3:TrackPointExtension>
            <ns3:atemp>14.0</ns3:atemp>
            <ns3:hr>150</ns3:hr>
          </ns3:TrackPointExtension>
        </extensions>
      </trkpt>
      <trkpt lat="-36.9142646715044975" lon="174.5085638668388128">
        <ele>200.8000030517578125</ele>
        <time>2026-09-26T20:13:47.000Z</time>
        <extensions>
          <ns3:TrackPointExtension>
            <ns3:atemp>14.0</ns3:atemp>
            <ns3:hr>152</ns3:hr>
          </ns3:TrackPointExtension>
        </extensions>
      </trkpt>
      <trkpt lat="-36.9142795912921429" lon="174.5084834843873978">
        <ele>200.600006103515625</ele>
        <time>2026-09-26T20:13:48.000Z</time>
        <extensions>
          <ns3:TrackPointExtension>
            <ns3:atemp>14.0</ns3:atemp>
            <ns3:hr>151</ns3:hr>
          </ns3:TrackPointExtension>
        </extensions>
      </trkpt>
      <trkpt lat="-36.9142937567085028" lon="174.5084514655172825">
        <ele>200.0</ele>
        <time>2026-09-26T20:13:49.000Z</time>
        <extensions>
          <ns3:TrackPointExtension>
            <ns3:atemp>14.0</ns3:atemp>
            <ns3:hr>151</ns3:hr>
          </ns3:TrackPointExtension>
        </extensions>
      </trkpt>
      <trkpt lat="-36.9143000431358814" lon="174.5083197019994259">
        <ele>199.399993896484375</ele>
        <time>2026-09-26T20:13:50.000Z</time>
        <extensions>
          <ns3:TrackPointExtension>
            <ns3:atemp>14.0</ns3:atemp>
            <ns3:hr>151</ns3:hr>
          </ns3:TrackPointExtension>
        </extensions>
      </trkpt>
      <trkpt lat="-36.9142908230423927" lon="174.5083119906485081">
        <ele>199.1999969482421875</ele>
        <time>2026-09-26T20:13:51.000Z</time>
        <extensions>
          <ns3:TrackPointExtension>
            <ns3:atemp>14.0</ns3:atemp>
            <ns3:hr>151</ns3:hr>
          </ns3:TrackPointExtension>
        </extensions>
      </trkpt>
      <trkpt lat="-36.9143205787986517" lon="174.5082561671733856">
        <ele>199.0</ele>
        <time>2026-09-26T20:13:52.000Z</time>
        <extensions>
          <ns3:TrackPointExtension>
            <ns3:atemp>14.0</ns3:atemp>
            <ns3:hr>149</ns3:hr>
          </ns3:TrackPointExtension>
        </extensions>
      </trkpt>
      <trkpt lat="-36.9143431261181831" lon="174.5081906206905842">
        <ele>198.600006103515625</ele>
        <time>2026-09-26T20:13:53.000Z</time>
        <extensions>
          <ns3:TrackPointExtension>
            <ns3:atemp>14.0</ns3:atemp>
            <ns3:hr>147</ns3:hr>
          </ns3:TrackPointExtension>
        </extensions>
      </trkpt>
      <trkpt lat="-36.9143224228173494" lon="174.5081187877804041">
        <ele>198.399993896484375</ele>
        <time>2026-09-26T20:13:54.000Z</time>
        <extensions>
          <ns3:TrackPointExtension>
            <ns3:atemp>14.0</ns3:atemp>
            <ns3:hr>147</ns3:hr>
          </ns3:TrackPointExtension>
        </extensions>
      </trkpt>
      <trkpt lat="-36.9143049046397209" lon="174.5080482959747314">
        <ele>198.0</ele>
        <time>2026-09-26T20:13:55.000Z</time>
        <extensions>
          <ns3:TrackPointExtension>
            <ns3:atemp>14.0</ns3:atemp>
            <ns3:hr>147</ns3:hr>
          </ns3:TrackPointExtension>
        </extensions>
      </trkpt>
      <trkpt lat="-36.9143152981996536" lon="174.5079640578478575">
        <ele>197.600006103515625</ele>
        <time>2026-09-26T20:13:56.000Z</time>
        <extensions>
          <ns3:TrackPointExtension>
            <ns3:atemp>14.0</ns3:atemp>
            <ns3:hr>145</ns3:hr>
          </ns3:TrackPointExtension>
        </extensions>
      </trkpt>
      <trkpt lat="-36.9143147952854633" lon="174.507892057299614">
        <ele>197.1999969482421875</ele>
        <time>2026-09-26T20:13:57.000Z</time>
        <extensions>
          <ns3:TrackPointExtension>
            <ns3:atemp>14.0</ns3:atemp>
            <ns3:hr>145</ns3:hr>
          </ns3:TrackPointExtension>
        </extensions>
      </trkpt>
      <trkpt lat="-36.9143038988113403" lon="174.5078301150351763">
        <ele>196.8000030517578125</ele>
        <time>2026-09-26T20:13:58.000Z</time>
        <extensions>
          <ns3:TrackPointExtension>
            <ns3:atemp>14.0</ns3:atemp>
            <ns3:hr>145</ns3:hr>
          </ns3:TrackPointExtension>
        </extensions>
      </trkpt>
      <trkpt lat="-36.9142950978130102" lon="174.5077332202345133">
        <ele>196.1999969482421875</ele>
        <time>2026-09-26T20:13:59.000Z</time>
        <extensions>
          <ns3:TrackPointExtension>
            <ns3:atemp>14.0</ns3:atemp>
            <ns3:hr>144</ns3:hr>
          </ns3:TrackPointExtension>
        </extensions>
      </trkpt>
      <trkpt lat="-36.9142681919038296" lon="174.5076851919293404">
        <ele>196.0</ele>
        <time>2026-09-26T20:14:00.000Z</time>
        <extensions>
          <ns3:TrackPointExtension>
            <ns3:atemp>14.0</ns3:atemp>
            <ns3:hr>144</ns3:hr>
          </ns3:TrackPointExtension>
        </extensions>
      </trkpt>
      <trkpt lat="-36.9143070001155138" lon="174.5075940806418657">
        <ele>195.600006103515625</ele>
        <time>2026-09-26T20:14:01.000Z</time>
        <extensions>
          <ns3:TrackPointExtension>
            <ns3:atemp>14.0</ns3:atemp>
            <ns3:hr>143</ns3:hr>
          </ns3:TrackPointExtension>
        </extensions>
      </trkpt>
      <trkpt lat="-36.9142562057822943" lon="174.5075295399874449">
        <ele>195.1999969482421875</ele>
        <time>2026-09-26T20:14:02.000Z</time>
        <extensions>
          <ns3:TrackPointExtension>
            <ns3:atemp>14.0</ns3:atemp>
            <ns3:hr>144</ns3:hr>
          </ns3:TrackPointExtension>
        </extensions>
      </trkpt>
      <trkpt lat="-36.9142709579318762" lon="174.5074973534792662">
        <ele>194.8000030517578125</ele>
        <time>2026-09-26T20:14:03.000Z</time>
        <extensions>
          <ns3:TrackPointExtension>
            <ns3:atemp>14.0</ns3:atemp>
            <ns3:hr>144</ns3:hr>
          </ns3:TrackPointExtension>
        </extensions>
      </trkpt>
      <trkpt lat="-36.914244219660759" lon="174.5073891431093216">
        <ele>194.600006103515625</ele>
        <time>2026-09-26T20:14:04.000Z</time>
        <extensions>
          <ns3:TrackPointExtension>
            <ns3:atemp>14.0</ns3:atemp>
            <ns3:hr>144</ns3:hr>
          </ns3:TrackPointExtension>
        </extensions>
      </trkpt>
      <trkpt lat="-36.9142307247966528" lon="174.507376654073596">
        <ele>194.0</ele>
        <time>2026-09-26T20:14:05.000Z</time>
        <extensions>
          <ns3:TrackPointExtension>
            <ns3:atemp>14.0</ns3:atemp>
            <ns3:hr>144</ns3:hr>
          </ns3:TrackPointExtension>
        </extensions>
      </trkpt>
      <trkpt lat="-36.9141884800046682" lon="174.5072705391794443">
        <ele>193.600006103515625</ele>
        <time>2026-09-26T20:14:06.000Z</time>
        <extensions>
          <ns3:TrackPointExtension>
            <ns3:atemp>14.0</ns3:atemp>
            <ns3:hr>143</ns3:hr>
          </ns3:TrackPointExtension>
        </extensions>
      </trkpt>
      <trkpt lat="-36.9141921680420637" lon="174.5072030648589134">
        <ele>193.1999969482421875</ele>
        <time>2026-09-26T20:14:07.000Z</time>
        <extensions>
          <ns3:TrackPointExtension>
            <ns3:atemp>14.0</ns3:atemp>
            <ns3:hr>144</ns3:hr>
          </ns3:TrackPointExtension>
        </extensions>
      </trkpt>
      <trkpt lat="-36.9141877256333828" lon="174.5071114506572485">
        <ele>192.600006103515625</ele>
        <time>2026-09-26T20:14:08.000Z</time>
        <extensions>
          <ns3:TrackPointExtension>
            <ns3:atemp>14.0</ns3:atemp>
            <ns3:hr>144</ns3:hr>
          </ns3:TrackPointExtension>
        </extensions>
      </trkpt>
      <trkpt lat="-36.914183534681797" lon="174.5070841256529093">
        <ele>192.399993896484375</ele>
        <time>2026-09-26T20:14:09.000Z</time>
        <extensions>
          <ns3:TrackPointExtension>
            <ns3:atemp>14.0</ns3:atemp>
            <ns3:hr>144</ns3:hr>
          </ns3:TrackPointExtension>
        </extensions>
      </trkpt>
      <trkpt lat="-36.9141448941081762" lon="174.5070050004869699">
        <ele>192.1999969482421875</ele>
        <time>2026-09-26T20:14:10.000Z</time>
        <extensions>
          <ns3:TrackPointExtension>
            <ns3:atemp>14.0</ns3:atemp>
            <ns3:hr>143</ns3:hr>
          </ns3:TrackPointExtension>
        </extensions>
      </trkpt>
      <trkpt lat="-36.9141279626637697" lon="174.5069571398198605">
        <ele>191.600006103515625</ele>
        <time>2026-09-26T20:14:11.000Z</time>
        <extensions>
          <ns3:TrackPointExtension>
            <ns3:atemp>14.0</ns3:atemp>
            <ns3:hr>142</ns3:hr>
          </ns3:TrackPointExtension>
        </extensions>
      </trkpt>
      <trkpt lat="-36.9140971172600985" lon="174.5068945270031691">
        <ele>191.1999969482421875</ele>
        <time>2026-09-26T20:14:12.000Z</time>
        <extensions>
          <ns3:TrackPointExtension>
            <ns3:atemp>14.0</ns3:atemp>
            <ns3:hr>143</ns3:hr>
          </ns3:TrackPointExtension>
        </extensions>
      </trkpt>
      <trkpt lat="-36.9141272082924843" lon="174.50679293833673">
        <ele>190.8000030517578125</ele>
        <time>2026-09-26T20:14:13.000Z</time>
        <extensions>
          <ns3:TrackPointExtension>
            <ns3:atemp>14.0</ns3:atemp>
            <ns3:hr>143</ns3:hr>
          </ns3:TrackPointExtension>
        </extensions>
      </trkpt>
      <trkpt lat="-36.9140814431011677" lon="174.5067343488335609">
        <ele>190.1999969482421875</ele>
        <time>2026-09-26T20:14:14.000Z</time>
        <extensions>
          <ns3:TrackPointExtension>
            <ns3:atemp>14.0</ns3:atemp>
            <ns3:hr>144</ns3:hr>
          </ns3:TrackPointExtension>
        </extensions>
      </trkpt>
      <trkpt lat="-36.9140924233943224" lon="174.5066344365477562">
        <ele>189.8000030517578125</ele>
        <time>2026-09-26T20:14:15.000Z</time>
        <extensions>
          <ns3:TrackPointExtension>
            <ns3:atemp>14.0</ns3:atemp>
            <ns3:hr>145</ns3:hr>
          </ns3:TrackPointExtension>
        </extensions>
      </trkpt>
      <trkpt lat="-36.9140657689422369" lon="174.5066099613904953">
        <ele>189.600006103515625</ele>
        <time>2026-09-26T20:14:16.000Z</time>
        <extensions>
          <ns3:TrackPointExtension>
            <ns3:atemp>14.0</ns3:atemp>
            <ns3:hr>143</ns3:hr>
          </ns3:TrackPointExtension>
        </extensions>
      </trkpt>
      <trkpt lat="-36.914049843326211" lon="174.5065667945891619">
        <ele>189.399993896484375</ele>
        <time>2026-09-26T20:14:17.000Z</time>
        <extensions>
          <ns3:TrackPointExtension>
            <ns3:atemp>14.0</ns3:atemp>
            <ns3:hr>144</ns3:hr>
          </ns3:TrackPointExtension>
        </extensions>
      </trkpt>
      <trkpt lat="-36.9140419643372297" lon="174.5065563172101974">
        <ele>189.399993896484375</ele>
        <time>2026-09-26T20:14:18.000Z</time>
        <extensions>
          <ns3:TrackPointExtension>
            <ns3:atemp>14.0</ns3:atemp>
            <ns3:hr>145</ns3:hr>
          </ns3:TrackPointExtension>
        </extensions>
      </trkpt>
      <trkpt lat="-36.9140542857348919" lon="174.506509630009532">
        <ele>189.399993896484375</ele>
        <time>2026-09-26T20:14:19.000Z</time>
        <extensions>
          <ns3:TrackPointExtension>
            <ns3:atemp>14.0</ns3:atemp>
            <ns3:hr>146</ns3:hr>
          </ns3:TrackPointExtension>
        </extensions>
      </trkpt>
      <trkpt lat="-36.9140122085809708" lon="174.5064973086118698">
        <ele>189.399993896484375</ele>
        <time>2026-09-26T20:14:20.000Z</time>
        <extensions>
          <ns3:TrackPointExtension>
            <ns3:atemp>14.0</ns3:atemp>
            <ns3:hr>146</ns3:hr>
          </ns3:TrackPointExtension>
        </extensions>
      </trkpt>
      <trkpt lat="-36.9140305649489164" lon="174.5064767729490995">
        <ele>189.399993896484375</ele>
        <time>2026-09-26T20:14:21.000Z</time>
        <extensions>
          <ns3:TrackPointExtension>
            <ns3:atemp>14.0</ns3:atemp>
            <ns3:hr>147</ns3:hr>
          </ns3:TrackPointExtension>
        </extensions>
      </trkpt>
      <trkpt lat="-36.914017740637064" lon="174.5064664632081985">
        <ele>189.600006103515625</ele>
        <time>2026-09-26T20:14:22.000Z</time>
        <extensions>
          <ns3:TrackPointExtension>
            <ns3:atemp>14.0</ns3:atemp>
            <ns3:hr>148</ns3:hr>
          </ns3:TrackPointExtension>
        </extensions>
      </trkpt>
      <trkpt lat="-36.9140100292861462" lon="174.5064309239387512">
        <ele>189.399993896484375</ele>
        <time>2026-09-26T20:14:23.000Z</time>
        <extensions>
          <ns3:TrackPointExtension>
            <ns3:atemp>14.0</ns3:atemp>
            <ns3:hr>148</ns3:hr>
          </ns3:TrackPointExtension>
        </extensions>
      </trkpt>
      <trkpt lat="-36.9140073470771313" lon="174.5064131543040276">
        <ele>189.600006103515625</ele>
        <time>2026-09-26T20:14:24.000Z</time>
        <extensions>
          <ns3:TrackPointExtension>
            <ns3:atemp>14.0</ns3:atemp>
            <ns3:hr>149</ns3:hr>
          </ns3:TrackPointExtension>
        </extensions>
      </trkpt>
      <trkpt lat="-36.9140059221535921" lon="174.5063857454806566">
        <ele>189.600006103515625</ele>
        <time>2026-09-26T20:14:25.000Z</time>
        <extensions>
          <ns3:TrackPointExtension>
            <ns3:atemp>14.0</ns3:atemp>
            <ns3:hr>150</ns3:hr>
          </ns3:TrackPointExtension>
        </extensions>
      </trkpt>
      <trkpt lat="-36.9140044972300529" lon="174.5063583366572857">
        <ele>189.600006103515625</ele>
        <time>2026-09-26T20:14:26.000Z</time>
        <extensions>
          <ns3:TrackPointExtension>
            <ns3:atemp>14.0</ns3:atemp>
            <ns3:hr>151</ns3:hr>
          </ns3:TrackPointExtension>
        </extensions>
      </trkpt>
      <trkpt lat="-36.9140092749148607" lon="174.5063537266105413">
        <ele>189.600006103515625</ele>
        <time>2026-09-26T20:14:27.000Z</time>
        <extensions>
          <ns3:TrackPointExtension>
            <ns3:atemp>14.0</ns3:atemp>
            <ns3:hr>151</ns3:hr>
          </ns3:TrackPointExtension>
        </extensions>
      </trkpt>
      <trkpt lat="-36.913995360955596" lon="174.5063113979995251">
        <ele>189.600006103515625</ele>
        <time>2026-09-26T20:14:28.000Z</time>
        <extensions>
          <ns3:TrackPointExtension>
            <ns3:atemp>14.0</ns3:atemp>
            <ns3:hr>150</ns3:hr>
          </ns3:TrackPointExtension>
        </extensions>
      </trkpt>
      <trkpt lat="-36.9139985460788012" lon="174.506293460726738">
        <ele>189.8000030517578125</ele>
        <time>2026-09-26T20:14:29.000Z</time>
        <extensions>
          <ns3:TrackPointExtension>
            <ns3:atemp>14.0</ns3:atemp>
            <ns3:hr>150</ns3:hr>
          </ns3:TrackPointExtension>
        </extensions>
      </trkpt>
      <trkpt lat="-36.9139790162444115" lon="174.5062568318098783">
        <ele>189.8000030517578125</ele>
        <time>2026-09-26T20:14:30.000Z</time>
        <extensions>
          <ns3:TrackPointExtension>
            <ns3:atemp>14.0</ns3:atemp>
            <ns3:hr>150</ns3:hr>
          </ns3:TrackPointExtension>
        </extensions>
      </trkpt>
      <trkpt lat="-36.9139752443879843" lon="174.5062378887087107">
        <ele>189.600006103515625</ele>
        <time>2026-09-26T20:14:31.000Z</time>
        <extensions>
          <ns3:TrackPointExtension>
            <ns3:atemp>14.0</ns3:atemp>
            <ns3:hr>149</ns3:hr>
          </ns3:TrackPointExtension>
        </extensions>
      </trkpt>
      <trkpt lat="-36.9139918405562639" lon="174.5062157604843378">
        <ele>189.8000030517578125</ele>
        <time>2026-09-26T20:14:32.000Z</time>
        <extensions>
          <ns3:TrackPointExtension>
            <ns3:atemp>14.0</ns3:atemp>
            <ns3:hr>150</ns3:hr>
          </ns3:TrackPointExtension>
        </extensions>
      </trkpt>
      <trkpt lat="-36.9139962829649448" lon="174.5061996672302485">
        <ele>189.8000030517578125</ele>
        <time>2026-09-26T20:14:33.000Z</time>
        <extensions>
          <ns3:TrackPointExtension>
            <ns3:atemp>14.0</ns3:atemp>
            <ns3:hr>150</ns3:hr>
          </ns3:TrackPointExtension>
        </extensions>
      </trkpt>
      <trkpt lat="-36.9140178244560957" lon="174.5061960630118847">
        <ele>189.8000030517578125</ele>
        <time>2026-09-26T20:14:34.000Z</time>
        <extensions>
          <ns3:TrackPointExtension>
            <ns3:atemp>14.0</ns3:atemp>
            <ns3:hr>151</ns3:hr>
          </ns3:TrackPointExtension>
        </extensions>
      </trkpt>
      <trkpt lat="-36.9139969535171986" lon="174.5061406586319208">
        <ele>190.0</ele>
        <time>2026-09-26T20:14:35.000Z</time>
        <extensions>
          <ns3:TrackPointExtension>
            <ns3:atemp>14.0</ns3:atemp>
            <ns3:hr>151</ns3:hr>
          </ns3:TrackPointExtension>
        </extensions>
      </trkpt>
      <trkpt lat="-36.9140392821282148" lon="174.5061749406158924">
        <ele>190.0</ele>
        <time>2026-09-26T20:14:36.000Z</time>
        <extensions>
          <ns3:TrackPointExtension>
            <ns3:atemp>14.0</ns3:atemp>
            <ns3:hr>153</ns3:hr>
          </ns3:TrackPointExtension>
        </extensions>
      </trkpt>
      <trkpt lat="-36.9140392821282148" lon="174.5061306841671467">
        <ele>190.0</ele>
        <time>2026-09-26T20:14:37.000Z</time>
        <extensions>
          <ns3:TrackPointExtension>
            <ns3:atemp>14.0</ns3:atemp>
            <ns3:hr>154</ns3:hr>
          </ns3:TrackPointExtension>
        </extensions>
      </trkpt>
      <trkpt lat="-36.9140228535979986" lon="174.5061183627694845">
        <ele>190.0</ele>
        <time>2026-09-26T20:14:38.000Z</time>
        <extensions>
          <ns3:TrackPointExtension>
            <ns3:atemp>14.0</ns3:atemp>
            <ns3:hr>154</ns3:hr>
          </ns3:TrackPointExtension>
        </extensions>
      </trkpt>
      <trkpt lat="-36.9140425510704517" lon="174.5061166025698185">
        <ele>190.0</ele>
        <time>2026-09-26T20:14:39.000Z</time>
        <extensions>
          <ns3:TrackPointExtension>
            <ns3:atemp>14.0</ns3:atemp>
            <ns3:hr>154</ns3:hr>
          </ns3:TrackPointExtension>
        </extensions>
      </trkpt>
      <trkpt lat="-36.9140591472387314" lon="174.5060663111507893">
        <ele>190.1999969482421875</ele>
        <time>2026-09-26T20:14:40.000Z</time>
        <extensions>
          <ns3:TrackPointExtension>
            <ns3:atemp>14.0</ns3:atemp>
            <ns3:hr>155</ns3:hr>
          </ns3:TrackPointExtension>
        </extensions>
      </trkpt>
      <trkpt lat="-36.9140809401869774" lon="174.5060560014098883">
        <ele>190.0</ele>
        <time>2026-09-26T20:14:41.000Z</time>
        <extensions>
          <ns3:TrackPointExtension>
            <ns3:atemp>14.0</ns3:atemp>
            <ns3:hr>157</ns3:hr>
          </ns3:TrackPointExtension>
        </extensions>
      </trkpt>
      <trkpt lat="-36.9140828680247068" lon="174.506023982539773">
        <ele>190.1999969482421875</ele>
        <time>2026-09-26T20:14:42.000Z</time>
        <extensions>
          <ns3:TrackPointExtension>
            <ns3:atemp>14.0</ns3:atemp>
            <ns3:hr>158</ns3:hr>
          </ns3:TrackPointExtension>
        </extensions>
      </trkpt>
      <trkpt lat="-36.9140707142651081" lon="174.5060409139841795">
        <ele>190.399993896484375</ele>
        <time>2026-09-26T20:14:43.000Z</time>
        <extensions>
          <ns3:TrackPointExtension>
            <ns3:atemp>14.0</ns3:atemp>
            <ns3:hr>160</ns3:hr>
          </ns3:TrackPointExtension>
        </extensions>
      </trkpt>
      <trkpt lat="-36.9141106121242046" lon="174.5060008484870195">
        <ele>190.399993896484375</ele>
        <time>2026-09-26T20:14:44.000Z</time>
        <extensions>
          <ns3:TrackPointExtension>
            <ns3:atemp>14.0</ns3:atemp>
            <ns3:hr>160</ns3:hr>
          </ns3:TrackPointExtension>
        </extensions>
      </trkpt>
      <trkpt lat="-36.9141218438744545" lon="174.5059906225651503">
        <ele>190.399993896484375</ele>
        <time>2026-09-26T20:14:45.000Z</time>
        <extensions>
          <ns3:TrackPointExtension>
            <ns3:atemp>14.0</ns3:atemp>
            <ns3:hr>159</ns3:hr>
          </ns3:TrackPointExtension>
        </extensions>
      </trkpt>
      <trkpt lat="-36.9141480792313814" lon="174.5059828273952007">
        <ele>190.399993896484375</ele>
        <time>2026-09-26T20:14:46.000Z</time>
        <extensions>
          <ns3:TrackPointExtension>
            <ns3:atemp>14.0</ns3:atemp>
            <ns3:hr>160</ns3:hr>
          </ns3:TrackPointExtension>
        </extensions>
      </trkpt>
      <trkpt lat="-36.9141457322984934" lon="174.5059330388903618">
        <ele>190.399993896484375</ele>
        <time>2026-09-26T20:14:47.000Z</time>
        <extensions>
          <ns3:TrackPointExtension>
            <ns3:atemp>14.0</ns3:atemp>
            <ns3:hr>160</ns3:hr>
          </ns3:TrackPointExtension>
        </extensions>
      </trkpt>
      <trkpt lat="-36.9141376856714487" lon="174.5059145987033844">
        <ele>190.399993896484375</ele>
        <time>2026-09-26T20:14:48.000Z</time>
        <extensions>
          <ns3:TrackPointExtension>
            <ns3:atemp>14.0</ns3:atemp>
            <ns3:hr>161</ns3:hr>
          </ns3:TrackPointExtension>
        </extensions>
      </trkpt>
      <trkpt lat="-36.9141818583011627" lon="174.505898505449295">
        <ele>190.600006103515625</ele>
        <time>2026-09-26T20:14:49.000Z</time>
        <extensions>
          <ns3:TrackPointExtension>
            <ns3:atemp>14.0</ns3:atemp>
            <ns3:hr>160</ns3:hr>
          </ns3:TrackPointExtension>
        </extensions>
      </trkpt>
      <trkpt lat="-36.9141961913555861" lon="174.5058615412563086">
        <ele>190.600006103515625</ele>
        <time>2026-09-26T20:14:50.000Z</time>
        <extensions>
          <ns3:TrackPointExtension>
            <ns3:atemp>14.0</ns3:atemp>
            <ns3:hr>160</ns3:hr>
          </ns3:TrackPointExtension>
        </extensions>
      </trkpt>
      <trkpt lat="-36.9142028130590916" lon="174.5058213081210852">
        <ele>190.600006103515625</ele>
        <time>2026-09-26T20:14:51.000Z</time>
        <extensions>
          <ns3:TrackPointExtension>
            <ns3:atemp>14.0</ns3:atemp>
            <ns3:hr>159</ns3:hr>
          </ns3:TrackPointExtension>
        </extensions>
      </trkpt>
      <trkpt lat="-36.9142275396734476" lon="174.5058356411755085">
        <ele>190.600006103515625</ele>
        <time>2026-09-26T20:14:52.000Z</time>
        <extensions>
          <ns3:TrackPointExtension>
            <ns3:atemp>14.0</ns3:atemp>
            <ns3:hr>157</ns3:hr>
          </ns3:TrackPointExtension>
        </extensions>
      </trkpt>
      <trkpt lat="-36.9142007175832987" lon="174.5057800691574812">
        <ele>190.600006103515625</ele>
        <time>2026-09-26T20:14:53.000Z</time>
        <extensions>
          <ns3:TrackPointExtension>
            <ns3:atemp>14.0</ns3:atemp>
            <ns3:hr>157</ns3:hr>
          </ns3:TrackPointExtension>
        </extensions>
      </trkpt>
      <trkpt lat="-36.9142744783312082" lon="174.5057816617190838">
        <ele>190.600006103515625</ele>
        <time>2026-09-26T20:14:54.000Z</time>
        <extensions>
          <ns3:TrackPointExtension>
            <ns3:atemp>14.0</ns3:atemp>
            <ns3:hr>158</ns3:hr>
          </ns3:TrackPointExtension>
        </extensions>
      </trkpt>
      <trkpt lat="-36.9142544455826283" lon="174.5057856012135744">
        <ele>190.600006103515625</ele>
        <time>2026-09-26T20:14:55.000Z</time>
        <extensions>
          <ns3:TrackPointExtension>
            <ns3:atemp>14.0</ns3:atemp>
            <ns3:hr>158</ns3:hr>
          </ns3:TrackPointExtension>
        </extensions>
      </trkpt>
      <trkpt lat="-36.9142857100814581" lon="174.5057480502873659">
        <ele>190.600006103515625</ele>
        <time>2026-09-26T20:14:56.000Z</time>
        <extensions>
          <ns3:TrackPointExtension>
            <ns3:atemp>14.0</ns3:atemp>
            <ns3:hr>157</ns3:hr>
          </ns3:TrackPointExtension>
        </extensions>
      </trkpt>
      <trkpt lat="-36.9142855424433947" lon="174.5057208929210901">
        <ele>190.600006103515625</ele>
        <time>2026-09-26T20:14:57.000Z</time>
        <extensions>
          <ns3:TrackPointExtension>
            <ns3:atemp>14.0</ns3:atemp>
            <ns3:hr>158</ns3:hr>
          </ns3:TrackPointExtension>
        </extensions>
      </trkpt>
      <trkpt lat="-36.9143195729702711" lon="174.5057044643908739">
        <ele>190.8000030517578125</ele>
        <time>2026-09-26T20:14:58.000Z</time>
        <extensions>
          <ns3:TrackPointExtension>
            <ns3:atemp>14.0</ns3:atemp>
            <ns3:hr>158</ns3:hr>
          </ns3:TrackPointExtension>
        </extensions>
      </trkpt>
      <trkpt lat="-36.914286045357585" lon="174.50573212467134">
        <ele>190.8000030517578125</ele>
        <time>2026-09-26T20:14:59.000Z</time>
        <extensions>
          <ns3:TrackPointExtension>
            <ns3:atemp>14.0</ns3:atemp>
            <ns3:hr>158</ns3:hr>
          </ns3:TrackPointExtension>
        </extensions>
      </trkpt>
      <trkpt lat="-36.9143152143806219" lon="174.5057213958352804">
        <ele>191.0</ele>
        <time>2026-09-26T20:15:00.000Z</time>
        <extensions>
          <ns3:TrackPointExtension>
            <ns3:atemp>14.0</ns3:atemp>
            <ns3:hr>159</ns3:hr>
          </ns3:TrackPointExtension>
        </extensions>
      </trkpt>
      <trkpt lat="-36.9143558666110039" lon="174.5057432726025581">
        <ele>190.8000030517578125</ele>
        <time>2026-09-26T20:15:01.000Z</time>
        <extensions>
          <ns3:TrackPointExtension>
            <ns3:atemp>14.0</ns3:atemp>
            <ns3:hr>159</ns3:hr>
          </ns3:TrackPointExtension>
        </extensions>
      </trkpt>
      <trkpt lat="-36.9143683556467295" lon="174.5057445298880339">
        <ele>191.0</ele>
        <time>2026-09-26T20:15:02.000Z</time>
        <extensions>
          <ns3:TrackPointExtension>
            <ns3:atemp>14.0</ns3:atemp>
            <ns3:hr>161</ns3:hr>
          </ns3:TrackPointExtension>
        </extensions>
      </trkpt>
      <trkpt lat="-36.914373217150569" lon="174.5057737827301025">
        <ele>191.0</ele>
        <time>2026-09-26T20:15:03.000Z</time>
        <extensions>
          <ns3:TrackPointExtension>
            <ns3:atemp>14.0</ns3:atemp>
            <ns3:hr>161</ns3:hr>
          </ns3:TrackPointExtension>
        </extensions>
      </trkpt>
      <trkpt lat="-36.9143987819552422" lon="174.5057573541998863">
        <ele>191.0</ele>
        <time>2026-09-26T20:15:04.000Z</time>
        <extensions>
          <ns3:TrackPointExtension>
            <ns3:atemp>14.0</ns3:atemp>
            <ns3:hr>161</ns3:hr>
          </ns3:TrackPointExtension>
        </extensions>
      </trkpt>
      <trkpt lat="-36.9144078344106674" lon="174.5057850144803524">
        <ele>191.1999969482421875</ele>
        <time>2026-09-26T20:15:05.000Z</time>
        <extensions>
          <ns3:TrackPointExtension>
            <ns3:atemp>14.0</ns3:atemp>
            <ns3:hr>161</ns3:hr>
          </ns3:TrackPointExtension>
        </extensions>
      </trkpt>
      <trkpt lat="-36.9144386798143387" lon="174.5057975873351097">
        <ele>191.1999969482421875</ele>
        <time>2026-09-26T20:15:06.000Z</time>
        <extensions>
          <ns3:TrackPointExtension>
            <ns3:atemp>14.0</ns3:atemp>
            <ns3:hr>163</ns3:hr>
          </ns3:TrackPointExtension>
        </extensions>
      </trkpt>
      <trkpt lat="-36.9144618138670921" lon="174.5058080647140741">
        <ele>191.399993896484375</ele>
        <time>2026-09-26T20:15:07.000Z</time>
        <extensions>
          <ns3:TrackPointExtension>
            <ns3:atemp>14.0</ns3:atemp>
            <ns3:hr>164</ns3:hr>
          </ns3:TrackPointExtension>
        </extensions>
      </trkpt>
      <trkpt lat="-36.9144476484507322" lon="174.5057967491447926">
        <ele>191.399993896484375</ele>
        <time>2026-09-26T20:15:08.000Z</time>
        <extensions>
          <ns3:TrackPointExtension>
            <ns3:atemp>14.0</ns3:atemp>
            <ns3:hr>164</ns3:hr>
          </ns3:TrackPointExtension>
        </extensions>
      </trkpt>
      <trkpt lat="-36.9144589640200138" lon="174.5058052148669958">
        <ele>191.600006103515625</ele>
        <time>2026-09-26T20:15:09.000Z</time>
        <extensions>
          <ns3:TrackPointExtension>
            <ns3:atemp>14.0</ns3:atemp>
            <ns3:hr>163</ns3:hr>
          </ns3:TrackPointExtension>
        </extensions>
      </trkpt>
      <trkpt lat="-36.9144614785909653" lon="174.5057990122586489">
        <ele>191.600006103515625</ele>
        <time>2026-09-26T20:15:10.000Z</time>
        <extensions>
          <ns3:TrackPointExtension>
            <ns3:atemp>14.0</ns3:atemp>
            <ns3:hr>164</ns3:hr>
          </ns3:TrackPointExtension>
        </extensions>
      </trkpt>
      <trkpt lat="-36.9145021308213472" lon="174.5058064721524715">
        <ele>191.600006103515625</ele>
        <time>2026-09-26T20:15:11.000Z</time>
        <extensions>
          <ns3:TrackPointExtension>
            <ns3:atemp>14.0</ns3:atemp>
            <ns3:hr>165</ns3:hr>
          </ns3:TrackPointExtension>
        </extensions>
      </trkpt>
      <trkpt lat="-36.9145073276013136" lon="174.5058130100369453">
        <ele>191.8000030517578125</ele>
        <time>2026-09-26T20:15:12.000Z</time>
        <extensions>
          <ns3:TrackPointExtension>
            <ns3:atemp>14.0</ns3:atemp>
            <ns3:hr>165</ns3:hr>
          </ns3:TrackPointExtension>
        </extensions>
      </trkpt>
      <trkpt lat="-36.9145429506897926" lon="174.5058451965451241">
        <ele>191.8000030517578125</ele>
        <time>2026-09-26T20:15:13.000Z</time>
        <extensions>
          <ns3:TrackPointExtension>
            <ns3:atemp>14.0</ns3:atemp>
            <ns3:hr>166</ns3:hr>
          </ns3:TrackPointExtension>
        </extensions>
      </trkpt>
      <trkpt lat="-36.9145409390330315" lon="174.5058562606573105">
        <ele>192.0</ele>
        <time>2026-09-26T20:15:14.000Z</time>
        <extensions>
          <ns3:TrackPointExtension>
            <ns3:atemp>14.0</ns3:atemp>
            <ns3:hr>167</ns3:hr>
          </ns3:TrackPointExtension>
        </extensions>
      </trkpt>
      <trkpt lat="-36.9145551044493914" lon="174.5057896245270967">
        <ele>192.0</ele>
        <time>2026-09-26T20:15:15.000Z</time>
        <extensions>
          <ns3:TrackPointExtension>
            <ns3:atemp>14.0</ns3:atemp>
            <ns3:hr>168</ns3:hr>
          </ns3:TrackPointExtension>
        </extensions>
      </trkpt>
      <trkpt lat="-36.9145644083619118" lon="174.5057995989918709">
        <ele>192.0</ele>
        <time>2026-09-26T20:15:16.000Z</time>
        <extensions>
          <ns3:TrackPointExtension>
            <ns3:atemp>14.0</ns3:atemp>
            <ns3:hr>169</ns3:hr>
          </ns3:TrackPointExtension>
        </extensions>
      </trkpt>
      <trkpt lat="-36.9145936612039804" lon="174.5058141835033894">
        <ele>192.1999969482421875</ele>
        <time>2026-09-26T20:15:17.000Z</time>
        <extensions>
          <ns3:TrackPointExtension>
            <ns3:atemp>14.0</ns3:atemp>
            <ns3:hr>168</ns3:hr>
          </ns3:TrackPointExtension>
        </extensions>
      </trkpt>
      <trkpt lat="-36.9146387558430433" lon="174.5058235712349415">
        <ele>192.1999969482421875</ele>
        <time>2026-09-26T20:15:18.000Z</time>
        <extensions>
          <ns3:TrackPointExtension>
            <ns3:atemp>14.0</ns3:atemp>
            <ns3:hr>169</ns3:hr>
          </ns3:TrackPointExtension>
        </extensions>
      </trkpt>
      <trkpt lat="-36.9146133586764336" lon="174.5058205537497997">
        <ele>192.1999969482421875</ele>
        <time>2026-09-26T20:15:19.000Z</time>
        <extensions>
          <ns3:TrackPointExtension>
            <ns3:atemp>14.0</ns3:atemp>
            <ns3:hr>170</ns3:hr>
          </ns3:TrackPointExtension>
        </extensions>
      </trkpt>
      <trkpt lat="-36.9146487303078175" lon="174.5058014430105686">
        <ele>192.399993896484375</ele>
        <time>2026-09-26T20:15:20.000Z</time>
        <extensions>
          <ns3:TrackPointExtension>
            <ns3:atemp>14.0</ns3:atemp>
            <ns3:hr>170</ns3:hr>
          </ns3:TrackPointExtension>
        </extensions>
      </trkpt>
      <trkpt lat="-36.9146772287786007" lon="174.5058394968509674">
        <ele>192.399993896484375</ele>
        <time>2026-09-26T20:15:21.000Z</time>
        <extensions>
          <ns3:TrackPointExtension>
            <ns3:atemp>14.0</ns3:atemp>
            <ns3:hr>171</ns3:hr>
          </ns3:TrackPointExtension>
        </extensions>
      </trkpt>
      <trkpt lat="-36.9146987702697515" lon="174.5058182068169117">
        <ele>192.600006103515625</ele>
        <time>2026-09-26T20:15:22.000Z</time>
        <extensions>
          <ns3:TrackPointExtension>
            <ns3:atemp>14.0</ns3:atemp>
            <ns3:hr>171</ns3:hr>
          </ns3:TrackPointExtension>
        </extensions>
      </trkpt>
      <trkpt lat="-36.9146891310811043" lon="174.5058332942426205">
        <ele>192.399993896484375</ele>
        <time>2026-09-26T20:15:23.000Z</time>
        <extensions>
          <ns3:TrackPointExtension>
            <ns3:atemp>14.0</ns3:atemp>
            <ns3:hr>171</ns3:hr>
          </ns3:TrackPointExtension>
        </extensions>
      </trkpt>
      <trkpt lat="-36.9147101696580648" lon="174.5058547519147396">
        <ele>192.600006103515625</ele>
        <time>2026-09-26T20:15:24.000Z</time>
        <extensions>
          <ns3:TrackPointExtension>
            <ns3:atemp>14.0</ns3:atemp>
            <ns3:hr>171</ns3:hr>
          </ns3:TrackPointExtension>
        </extensions>
      </trkpt>
      <trkpt lat="-36.914721317589283" lon="174.5058439392596483">
        <ele>192.600006103515625</ele>
        <time>2026-09-26T20:15:25.000Z</time>
        <extensions>
          <ns3:TrackPointExtension>
            <ns3:atemp>14.0</ns3:atemp>
            <ns3:hr>172</ns3:hr>
          </ns3:TrackPointExtension>
        </extensions>
      </trkpt>
      <trkpt lat="-36.9147452898323536" lon="174.505860535427928">
        <ele>192.600006103515625</ele>
        <time>2026-09-26T20:15:26.000Z</time>
        <extensions>
          <ns3:TrackPointExtension>
            <ns3:atemp>14.0</ns3:atemp>
            <ns3:hr>173</ns3:hr>
          </ns3:TrackPointExtension>
        </extensions>
      </trkpt>
      <trkpt lat="-36.914758114144206" lon="174.5058480463922024">
        <ele>193.0</ele>
        <time>2026-09-26T20:15:27.000Z</time>
        <extensions>
          <ns3:TrackPointExtension>
            <ns3:atemp>14.0</ns3:atemp>
            <ns3:hr>174</ns3:hr>
          </ns3:TrackPointExtension>
        </extensions>
      </trkpt>
      <trkpt lat="-36.9147681724280119" lon="174.5058728568255901">
        <ele>192.8000030517578125</ele>
        <time>2026-09-26T20:15:28.000Z</time>
        <extensions>
          <ns3:TrackPointExtension>
            <ns3:atemp>14.0</ns3:atemp>
            <ns3:hr>174</ns3:hr>
          </ns3:TrackPointExtension>
        </extensions>
      </trkpt>
      <trkpt lat="-36.9147864449769258" lon="174.5058958232402802">
        <ele>192.8000030517578125</ele>
        <time>2026-09-26T20:15:29.000Z</time>
        <extensions>
          <ns3:TrackPointExtension>
            <ns3:atemp>14.0</ns3:atemp>
            <ns3:hr>175</ns3:hr>
          </ns3:TrackPointExtension>
        </extensions>
      </trkpt>
      <trkpt lat="-36.9147747103124857" lon="174.505917364731431">
        <ele>193.0</ele>
        <time>2026-09-26T20:15:30.000Z</time>
        <extensions>
          <ns3:TrackPointExtension>
            <ns3:atemp>14.0</ns3:atemp>
            <ns3:hr>175</ns3:hr>
          </ns3:TrackPointExtension>
        </extensions>
      </trkpt>
      <trkpt lat="-36.9147956650704145" lon="174.5059526525437832">
        <ele>193.1999969482421875</ele>
        <time>2026-09-26T20:15:31.000Z</time>
        <extensions>
          <ns3:TrackPointExtension>
            <ns3:atemp>14.0</ns3:atemp>
            <ns3:hr>175</ns3:hr>
          </ns3:TrackPointExtension>
        </extensions>
      </trkpt>
      <trkpt lat="-36.9148121774196625" lon="174.5059259980916977">
        <ele>193.1999969482421875</ele>
        <time>2026-09-26T20:15:32.000Z</time>
        <extensions>
          <ns3:TrackPointExtension>
            <ns3:atemp>14.0</ns3:atemp>
            <ns3:hr>174</ns3:hr>
          </ns3:TrackPointExtension>
        </extensions>
      </trkpt>
      <trkpt lat="-36.9148347247391939" lon="174.5059843361377716">
        <ele>193.1999969482421875</ele>
        <time>2026-09-26T20:15:33.000Z</time>
        <extensions>
          <ns3:TrackPointExtension>
            <ns3:atemp>14.0</ns3:atemp>
            <ns3:hr>174</ns3:hr>
          </ns3:TrackPointExtension>
        </extensions>
      </trkpt>
      <trkpt lat="-36.9148602895438671" lon="174.5059840846806765">
        <ele>193.399993896484375</ele>
        <time>2026-09-26T20:15:34.000Z</time>
        <extensions>
          <ns3:TrackPointExtension>
            <ns3:atemp>14.0</ns3:atemp>
            <ns3:hr>173</ns3:hr>
          </ns3:TrackPointExtension>
        </extensions>
      </trkpt>
      <trkpt lat="-36.9148591998964548" lon="174.5059899520128965">
        <ele>193.399993896484375</ele>
        <time>2026-09-26T20:15:35.000Z</time>
        <extensions>
          <ns3:TrackPointExtension>
            <ns3:atemp>14.0</ns3:atemp>
            <ns3:hr>174</ns3:hr>
          </ns3:TrackPointExtension>
        </extensions>
      </trkpt>
      <trkpt lat="-36.91488535143435" lon="174.5060273353010416">
        <ele>193.399993896484375</ele>
        <time>2026-09-26T20:15:36.000Z</time>
        <extensions>
          <ns3:TrackPointExtension>
            <ns3:atemp>14.0</ns3:atemp>
            <ns3:hr>173</ns3:hr>
          </ns3:TrackPointExtension>
        </extensions>
      </trkpt>
      <trkpt lat="-36.9148757122457027" lon="174.5060335379093885">
        <ele>193.600006103515625</ele>
        <time>2026-09-26T20:15:37.000Z</time>
        <extensions>
          <ns3:TrackPointExtension>
            <ns3:atemp>14.0</ns3:atemp>
            <ns3:hr>174</ns3:hr>
          </ns3:TrackPointExtension>
        </extensions>
      </trkpt>
      <trkpt lat="-36.9148766342550516" lon="174.5060788001865149">
        <ele>193.8000030517578125</ele>
        <time>2026-09-26T20:15:38.000Z</time>
        <extensions>
          <ns3:TrackPointExtension>
            <ns3:atemp>14.0</ns3:atemp>
            <ns3:hr>174</ns3:hr>
          </ns3:TrackPointExtension>
        </extensions>
      </trkpt>
      <trkpt lat="-36.914908904582262" lon="174.5060792192816734">
        <ele>193.600006103515625</ele>
        <time>2026-09-26T20:15:39.000Z</time>
        <extensions>
          <ns3:TrackPointExtension>
            <ns3:atemp>14.0</ns3:atemp>
            <ns3:hr>173</ns3:hr>
          </ns3:TrackPointExtension>
        </extensions>
      </trkpt>
      <trkpt lat="-36.9149016961455345" lon="174.5060713402926922">
        <ele>193.8000030517578125</ele>
        <time>2026-09-26T20:15:40.000Z</time>
        <extensions>
          <ns3:TrackPointExtension>
            <ns3:atemp>14.0</ns3:atemp>
            <ns3:hr>172</ns3:hr>
          </ns3:TrackPointExtension>
        </extensions>
      </trkpt>
      <trkpt lat="-36.9149084016680717" lon="174.5061227213591337">
        <ele>193.8000030517578125</ele>
        <time>2026-09-26T20:15:41.000Z</time>
        <extensions>
          <ns3:TrackPointExtension>
            <ns3:atemp>14.0</ns3:atemp>
            <ns3:hr>172</ns3:hr>
          </ns3:TrackPointExtension>
        </extensions>
      </trkpt>
      <trkpt lat="-36.9149457849562168" lon="174.5061325281858444">
        <ele>194.0</ele>
        <time>2026-09-26T20:15:42.000Z</time>
        <extensions>
          <ns3:TrackPointExtension>
            <ns3:atemp>14.0</ns3:atemp>
            <ns3:hr>172</ns3:hr>
          </ns3:TrackPointExtension>
        </extensions>
      </trkpt>
      <trkpt lat="-36.9149333797395229" lon="174.5061427541077137">
        <ele>194.0</ele>
        <time>2026-09-26T20:15:43.000Z</time>
        <extensions>
          <ns3:TrackPointExtension>
            <ns3:atemp>14.0</ns3:atemp>
            <ns3:hr>173</ns3:hr>
          </ns3:TrackPointExtension>
        </extensions>
      </trkpt>
      <trkpt lat="-36.9149561785161495" lon="174.5061293430626392">
        <ele>194.0</ele>
        <time>2026-09-26T20:15:44.000Z</time>
        <extensions>
          <ns3:TrackPointExtension>
            <ns3:atemp>14.0</ns3:atemp>
            <ns3:hr>174</ns3:hr>
          </ns3:TrackPointExtension>
        </extensions>
      </trkpt>
      <trkpt lat="-36.9150165282189846" lon="174.5062046963721514">
        <ele>193.600006103515625</ele>
        <time>2026-09-26T20:15:45.000Z</time>
        <extensions>
          <ns3:TrackPointExtension>
            <ns3:atemp>14.0</ns3:atemp>
            <ns3:hr>173</ns3:hr>
          </ns3:TrackPointExtension>
        </extensions>
      </trkpt>
      <trkpt lat="-36.9150870200246572" lon="174.5062812231481075">
        <ele>193.0</ele>
        <time>2026-09-26T20:15:46.000Z</time>
        <extensions>
          <ns3:TrackPointExtension>
            <ns3:atemp>14.0</ns3:atemp>
            <ns3:hr>171</ns3:hr>
          </ns3:TrackPointExtension>
        </extensions>
      </trkpt>
      <trkpt lat="-36.9151208829134703" lon="174.5063160080462694">
        <ele>192.399993896484375</ele>
        <time>2026-09-26T20:15:47.000Z</time>
        <extensions>
          <ns3:TrackPointExtension>
            <ns3:atemp>14.0</ns3:atemp>
            <ns3:hr>169</ns3:hr>
          </ns3:TrackPointExtension>
        </extensions>
      </trkpt>
      <trkpt lat="-36.9151909556239843" lon="174.5063660480082035">
        <ele>191.600006103515625</ele>
        <time>2026-09-26T20:15:48.000Z</time>
        <extensions>
          <ns3:TrackPointExtension>
            <ns3:atemp>14.0</ns3:atemp>
            <ns3:hr>168</ns3:hr>
          </ns3:TrackPointExtension>
        </extensions>
      </trkpt>
      <trkpt lat="-36.9152285903692245" lon="174.5064129866659641">
        <ele>190.600006103515625</ele>
        <time>2026-09-26T20:15:49.000Z</time>
        <extensions>
          <ns3:TrackPointExtension>
            <ns3:atemp>14.0</ns3:atemp>
            <ns3:hr>167</ns3:hr>
          </ns3:TrackPointExtension>
        </extensions>
      </trkpt>
      <trkpt lat="-36.9152660574764013" lon="174.5064833946526051">
        <ele>190.0</ele>
        <time>2026-09-26T20:15:50.000Z</time>
        <extensions>
          <ns3:TrackPointExtension>
            <ns3:atemp>14.0</ns3:atemp>
            <ns3:hr>166</ns3:hr>
          </ns3:TrackPointExtension>
        </extensions>
      </trkpt>
      <trkpt lat="-36.9153461046516895" lon="174.5065089594572783">
        <ele>189.0</ele>
        <time>2026-09-26T20:15:51.000Z</time>
        <extensions>
          <ns3:TrackPointExtension>
            <ns3:atemp>14.0</ns3:atemp>
            <ns3:hr>165</ns3:hr>
          </ns3:TrackPointExtension>
        </extensions>
      </trkpt>
      <trkpt lat="-36.9154057838022709" lon="174.5065407268702984">
        <ele>188.600006103515625</ele>
        <time>2026-09-26T20:15:52.000Z</time>
        <extensions>
          <ns3:TrackPointExtension>
            <ns3:atemp>14.0</ns3:atemp>
            <ns3:hr>165</ns3:hr>
          </ns3:TrackPointExtension>
        </extensions>
      </trkpt>
      <trkpt lat="-36.9154543150216341" lon="174.5066079497337341">
        <ele>187.8000030517578125</ele>
        <time>2026-09-26T20:15:53.000Z</time>
        <extensions>
          <ns3:TrackPointExtension>
            <ns3:atemp>14.0</ns3:atemp>
            <ns3:hr>164</ns3:hr>
          </ns3:TrackPointExtension>
        </extensions>
      </trkpt>
      <trkpt lat="-36.9155123177915812" lon="174.5066582411527634">
        <ele>187.0</ele>
        <time>2026-09-26T20:15:54.000Z</time>
        <extensions>
          <ns3:TrackPointExtension>
            <ns3:atemp>14.0</ns3:atemp>
            <ns3:hr>162</ns3:hr>
          </ns3:TrackPointExtension>
        </extensions>
      </trkpt>
      <trkpt lat="-36.915588341653347" lon="174.5066849794238806">
        <ele>186.1999969482421875</ele>
        <time>2026-09-26T20:15:55.000Z</time>
        <extensions>
          <ns3:TrackPointExtension>
            <ns3:atemp>14.0</ns3:atemp>
            <ns3:hr>162</ns3:hr>
          </ns3:TrackPointExtension>
        </extensions>
      </trkpt>
      <trkpt lat="-36.9156560674309731" lon="174.5067016594111919">
        <ele>185.600006103515625</ele>
        <time>2026-09-26T20:15:56.000Z</time>
        <extensions>
          <ns3:TrackPointExtension>
            <ns3:atemp>14.0</ns3:atemp>
            <ns3:hr>161</ns3:hr>
          </ns3:TrackPointExtension>
        </extensions>
      </trkpt>
      <trkpt lat="-36.915727648884058" lon="174.5067533757537603">
        <ele>184.8000030517578125</ele>
        <time>2026-09-26T20:15:57.000Z</time>
        <extensions>
          <ns3:TrackPointExtension>
            <ns3:atemp>14.0</ns3:atemp>
            <ns3:hr>161</ns3:hr>
          </ns3:TrackPointExtension>
        </extensions>
      </trkpt>
      <trkpt lat="-36.9157854840159416" lon="174.5067687146365643">
        <ele>183.8000030517578125</ele>
        <time>2026-09-26T20:15:58.000Z</time>
        <extensions>
          <ns3:TrackPointExtension>
            <ns3:atemp>15.0</ns3:atemp>
            <ns3:hr>160</ns3:hr>
          </ns3:TrackPointExtension>
        </extensions>
      </trkpt>
      <trkpt lat="-36.9158443249762058" lon="174.5068031642585993">
        <ele>183.0</ele>
        <time>2026-09-26T20:15:59.000Z</time>
        <extensions>
          <ns3:TrackPointExtension>
            <ns3:atemp>15.0</ns3:atemp>
            <ns3:hr>161</ns3:hr>
          </ns3:TrackPointExtension>
        </extensions>
      </trkpt>
      <trkpt lat="-36.9159206002950668" lon="174.5068552158772945">
        <ele>182.0</ele>
        <time>2026-09-26T20:16:00.000Z</time>
        <extensions>
          <ns3:TrackPointExtension>
            <ns3:atemp>15.0</ns3:atemp>
            <ns3:hr>159</ns3:hr>
          </ns3:TrackPointExtension>
        </extensions>
      </trkpt>
      <trkpt lat="-36.9159755017608404" lon="174.5068842172622681">
        <ele>181.1999969482421875</ele>
        <time>2026-09-26T20:16:01.000Z</time>
        <extensions>
          <ns3:TrackPointExtension>
            <ns3:atemp>15.0</ns3:atemp>
            <ns3:hr>158</ns3:hr>
          </ns3:TrackPointExtension>
        </extensions>
      </trkpt>
      <trkpt lat="-36.9160152319818735" lon="174.5068633463233709">
        <ele>180.399993896484375</ele>
        <time>2026-09-26T20:16:02.000Z</time>
        <extensions>
          <ns3:TrackPointExtension>
            <ns3:atemp>15.0</ns3:atemp>
            <ns3:hr>157</ns3:hr>
          </ns3:TrackPointExtension>
        </extensions>
      </trkpt>
      <trkpt lat="-36.9160889927297831" lon="174.5068778470158577">
        <ele>179.600006103515625</ele>
        <time>2026-09-26T20:16:03.000Z</time>
        <extensions>
          <ns3:TrackPointExtension>
            <ns3:atemp>15.0</ns3:atemp>
            <ns3:hr>156</ns3:hr>
          </ns3:TrackPointExtension>
        </extensions>
      </trkpt>
      <trkpt lat="-36.9161539524793625" lon="174.506889833137393">
        <ele>178.8000030517578125</ele>
        <time>2026-09-26T20:16:04.000Z</time>
        <extensions>
          <ns3:TrackPointExtension>
            <ns3:atemp>15.0</ns3:atemp>
            <ns3:hr>155</ns3:hr>
          </ns3:TrackPointExtension>
        </extensions>
      </trkpt>
      <trkpt lat="-36.9162263721227646" lon="174.506900729611516">
        <ele>178.0</ele>
        <time>2026-09-26T20:16:05.000Z</time>
        <extensions>
          <ns3:TrackPointExtension>
            <ns3:atemp>15.0</ns3:atemp>
            <ns3:hr>154</ns3:hr>
          </ns3:TrackPointExtension>
        </extensions>
      </trkpt>
      <trkpt lat="-36.9162970315665007" lon="174.5068723149597645">
        <ele>177.0</ele>
        <time>2026-09-26T20:16:06.000Z</time>
        <extensions>
          <ns3:TrackPointExtension>
            <ns3:atemp>15.0</ns3:atemp>
            <ns3:hr>154</ns3:hr>
          </ns3:TrackPointExtension>
        </extensions>
      </trkpt>
      <trkpt lat="-36.9163694512099028" lon="174.5068576466292143">
        <ele>176.1999969482421875</ele>
        <time>2026-09-26T20:16:07.000Z</time>
        <extensions>
          <ns3:TrackPointExtension>
            <ns3:atemp>15.0</ns3:atemp>
            <ns3:hr>153</ns3:hr>
          </ns3:TrackPointExtension>
        </extensions>
      </trkpt>
      <trkpt lat="-36.916420916095376" lon="174.5068632625043392">
        <ele>175.8000030517578125</ele>
        <time>2026-09-26T20:16:08.000Z</time>
        <extensions>
          <ns3:TrackPointExtension>
            <ns3:atemp>15.0</ns3:atemp>
            <ns3:hr>153</ns3:hr>
          </ns3:TrackPointExtension>
        </extensions>
      </trkpt>
      <trkpt lat="-36.9164990354329348" lon="174.5068473368883133">
        <ele>175.0</ele>
        <time>2026-09-26T20:16:09.000Z</time>
        <extensions>
          <ns3:TrackPointExtension>
            <ns3:atemp>15.0</ns3:atemp>
            <ns3:hr>152</ns3:hr>
          </ns3:TrackPointExtension>
        </extensions>
      </trkpt>
      <trkpt lat="-36.916560223326087" lon="174.5067969616502523">
        <ele>174.0</ele>
        <time>2026-09-26T20:16:10.000Z</time>
        <extensions>
          <ns3:TrackPointExtension>
            <ns3:atemp>15.0</ns3:atemp>
            <ns3:hr>152</ns3:hr>
          </ns3:TrackPointExtension>
        </extensions>
      </trkpt>
      <trkpt lat="-36.9166409410536289" lon="174.50674993917346">
        <ele>173.1999969482421875</ele>
        <time>2026-09-26T20:16:11.000Z</time>
        <extensions>
          <ns3:TrackPointExtension>
            <ns3:atemp>15.0</ns3:atemp>
            <ns3:hr>152</ns3:hr>
          </ns3:TrackPointExtension>
        </extensions>
      </trkpt>
      <trkpt lat="-36.9166963454335928" lon="174.5067289844155312">
        <ele>172.600006103515625</ele>
        <time>2026-09-26T20:16:12.000Z</time>
        <extensions>
          <ns3:TrackPointExtension>
            <ns3:atemp>15.0</ns3:atemp>
            <ns3:hr>152</ns3:hr>
          </ns3:TrackPointExtension>
        </extensions>
      </trkpt>
      <trkpt lat="-36.9167596288025379" lon="174.5067403838038445">
        <ele>171.8000030517578125</ele>
        <time>2026-09-26T20:16:13.000Z</time>
        <extensions>
          <ns3:TrackPointExtension>
            <ns3:atemp>15.0</ns3:atemp>
            <ns3:hr>151</ns3:hr>
          </ns3:TrackPointExtension>
        </extensions>
      </trkpt>
      <trkpt lat="-36.9168136920779943" lon="174.506673077121377">
        <ele>170.8000030517578125</ele>
        <time>2026-09-26T20:16:14.000Z</time>
        <extensions>
          <ns3:TrackPointExtension>
            <ns3:atemp>15.0</ns3:atemp>
            <ns3:hr>152</ns3:hr>
          </ns3:TrackPointExtension>
        </extensions>
      </trkpt>
      <trkpt lat="-36.916870353743434" lon="174.5066860690712929">
        <ele>169.600006103515625</ele>
        <time>2026-09-26T20:16:15.000Z</time>
        <extensions>
          <ns3:TrackPointExtension>
            <ns3:atemp>15.0</ns3:atemp>
            <ns3:hr>153</ns3:hr>
          </ns3:TrackPointExtension>
        </extensions>
      </trkpt>
      <trkpt lat="-36.916907150298357" lon="174.5066676288843155">
        <ele>168.399993896484375</ele>
        <time>2026-09-26T20:16:16.000Z</time>
        <extensions>
          <ns3:TrackPointExtension>
            <ns3:atemp>15.0</ns3:atemp>
            <ns3:hr>154</ns3:hr>
          </ns3:TrackPointExtension>
        </extensions>
      </trkpt>
      <trkpt lat="-36.9169416837394238" lon="174.5066624321043491">
        <ele>167.1999969482421875</ele>
        <time>2026-09-26T20:16:17.000Z</time>
        <extensions>
          <ns3:TrackPointExtension>
            <ns3:atemp>15.0</ns3:atemp>
            <ns3:hr>153</ns3:hr>
          </ns3:TrackPointExtension>
        </extensions>
      </trkpt>
      <trkpt lat="-36.9169947411864996" lon="174.5066476799547672">
        <ele>166.0</ele>
        <time>2026-09-26T20:16:18.000Z</time>
        <extensions>
          <ns3:TrackPointExtension>
            <ns3:atemp>15.0</ns3:atemp>
            <ns3:hr>153</ns3:hr>
          </ns3:TrackPointExtension>
        </extensions>
      </trkpt>
      <trkpt lat="-36.9170621316879988" lon="174.5066786929965019">
        <ele>165.0</ele>
        <time>2026-09-26T20:16:19.000Z</time>
        <extensions>
          <ns3:TrackPointExtension>
            <ns3:atemp>15.0</ns3:atemp>
            <ns3:hr>153</ns3:hr>
          </ns3:TrackPointExtension>
        </extensions>
      </trkpt>
      <trkpt lat="-36.9170985091477633" lon="174.5066728256642818">
        <ele>163.600006103515625</ele>
        <time>2026-09-26T20:16:20.000Z</time>
        <extensions>
          <ns3:TrackPointExtension>
            <ns3:atemp>15.0</ns3:atemp>
            <ns3:hr>153</ns3:hr>
          </ns3:TrackPointExtension>
        </extensions>
      </trkpt>
      <trkpt lat="-36.9171624630689621" lon="174.5066616777330637">
        <ele>162.8000030517578125</ele>
        <time>2026-09-26T20:16:21.000Z</time>
        <extensions>
          <ns3:TrackPointExtension>
            <ns3:atemp>15.0</ns3:atemp>
            <ns3:hr>153</ns3:hr>
          </ns3:TrackPointExtension>
        </extensions>
      </trkpt>
      <trkpt lat="-36.9171959068626165" lon="174.5066522900015116">
        <ele>161.600006103515625</ele>
        <time>2026-09-26T20:16:22.000Z</time>
        <extensions>
          <ns3:TrackPointExtension>
            <ns3:atemp>15.0</ns3:atemp>
            <ns3:hr>153</ns3:hr>
          </ns3:TrackPointExtension>
        </extensions>
      </trkpt>
      <trkpt lat="-36.9172373972833157" lon="174.5067182555794716">
        <ele>160.399993896484375</ele>
        <time>2026-09-26T20:16:23.000Z</time>
        <extensions>
          <ns3:TrackPointExtension>
            <ns3:atemp>15.0</ns3:atemp>
            <ns3:hr>153</ns3:hr>
          </ns3:TrackPointExtension>
        </extensions>
      </trkpt>
      <trkpt lat="-36.917285593226552" lon="174.5067284815013409">
        <ele>159.1999969482421875</ele>
        <time>2026-09-26T20:16:24.000Z</time>
        <extensions>
          <ns3:TrackPointExtension>
            <ns3:atemp>15.0</ns3:atemp>
            <ns3:hr>153</ns3:hr>
          </ns3:TrackPointExtension>
        </extensions>
      </trkpt>
      <trkpt lat="-36.9173372257500887" lon="174.5067398808896542">
        <ele>157.8000030517578125</ele>
        <time>2026-09-26T20:16:25.000Z</time>
        <extensions>
          <ns3:TrackPointExtension>
            <ns3:atemp>15.0</ns3:atemp>
            <ns3:hr>152</ns3:hr>
          </ns3:TrackPointExtension>
        </extensions>
      </trkpt>
      <trkpt lat="-36.9173814821988344" lon="174.5067376177757978">
        <ele>156.8000030517578125</ele>
        <time>2026-09-26T20:16:26.000Z</time>
        <extensions>
          <ns3:TrackPointExtension>
            <ns3:atemp>15.0</ns3:atemp>
            <ns3:hr>154</ns3:hr>
          </ns3:TrackPointExtension>
        </extensions>
      </trkpt>
      <trkpt lat="-36.9174445979297161" lon="174.5067509450018406">
        <ele>155.600006103515625</ele>
        <time>2026-09-26T20:16:27.000Z</time>
        <extensions>
          <ns3:TrackPointExtension>
            <ns3:atemp>15.0</ns3:atemp>
            <ns3:hr>154</ns3:hr>
          </ns3:TrackPointExtension>
        </extensions>
      </trkpt>
      <trkpt lat="-36.9174735993146896" lon="174.5068036671727896">
        <ele>154.399993896484375</ele>
        <time>2026-09-26T20:16:28.000Z</time>
        <extensions>
          <ns3:TrackPointExtension>
            <ns3:atemp>15.0</ns3:atemp>
            <ns3:hr>154</ns3:hr>
          </ns3:TrackPointExtension>
        </extensions>
      </trkpt>
      <trkpt lat="-36.9175118207931519" lon="174.50681297108531">
        <ele>153.1999969482421875</ele>
        <time>2026-09-26T20:16:29.000Z</time>
        <extensions>
          <ns3:TrackPointExtension>
            <ns3:atemp>15.0</ns3:atemp>
            <ns3:hr>154</ns3:hr>
          </ns3:TrackPointExtension>
        </extensions>
      </trkpt>
      <trkpt lat="-36.9175449293106794" lon="174.5068338420242071">
        <ele>152.0</ele>
        <time>2026-09-26T20:16:30.000Z</time>
        <extensions>
          <ns3:TrackPointExtension>
            <ns3:atemp>15.0</ns3:atemp>
            <ns3:hr>154</ns3:hr>
          </ns3:TrackPointExtension>
        </extensions>
      </trkpt>
      <trkpt lat="-36.9176102243363857" lon="174.5068402122706175">
        <ele>151.399993896484375</ele>
        <time>2026-09-26T20:16:31.000Z</time>
        <extensions>
          <ns3:TrackPointExtension>
            <ns3:atemp>15.0</ns3:atemp>
            <ns3:hr>153</ns3:hr>
          </ns3:TrackPointExtension>
        </extensions>
      </trkpt>
      <trkpt lat="-36.9176862481981516" lon="174.5068887434899807">
        <ele>150.8000030517578125</ele>
        <time>2026-09-26T20:16:32.000Z</time>
        <extensions>
          <ns3:TrackPointExtension>
            <ns3:atemp>15.0</ns3:atemp>
            <ns3:hr>152</ns3:hr>
          </ns3:TrackPointExtension>
        </extensions>
      </trkpt>
      <trkpt lat="-36.9177340250462294" lon="174.5068830437958241">
        <ele>150.1999969482421875</ele>
        <time>2026-09-26T20:16:33.000Z</time>
        <extensions>
          <ns3:TrackPointExtension>
            <ns3:atemp>15.0</ns3:atemp>
            <ns3:hr>152</ns3:hr>
          </ns3:TrackPointExtension>
        </extensions>
      </trkpt>
      <trkpt lat="-36.9178198557347059" lon="174.5068853907287121">
        <ele>149.600006103515625</ele>
        <time>2026-09-26T20:16:34.000Z</time>
        <extensions>
          <ns3:TrackPointExtension>
            <ns3:atemp>15.0</ns3:atemp>
            <ns3:hr>150</ns3:hr>
          </ns3:TrackPointExtension>
        </extensions>
      </trkpt>
      <trkpt lat="-36.9178490247577429" lon="174.50694196857512">
        <ele>149.1999969482421875</ele>
        <time>2026-09-26T20:16:35.000Z</time>
        <extensions>
          <ns3:TrackPointExtension>
            <ns3:atemp>15.0</ns3:atemp>
            <ns3:hr>149</ns3:hr>
          </ns3:TrackPointExtension>
        </extensions>
      </trkpt>
      <trkpt lat="-36.9179055187851191" lon="174.5069230254739523">
        <ele>148.600006103515625</ele>
        <time>2026-09-26T20:16:36.000Z</time>
        <extensions>
          <ns3:TrackPointExtension>
            <ns3:atemp>15.0</ns3:atemp>
            <ns3:hr>149</ns3:hr>
          </ns3:TrackPointExtension>
        </extensions>
      </trkpt>
      <trkpt lat="-36.9179546367377043" lon="174.5068964548408985">
        <ele>148.399993896484375</ele>
        <time>2026-09-26T20:16:37.000Z</time>
        <extensions>
          <ns3:TrackPointExtension>
            <ns3:atemp>15.0</ns3:atemp>
            <ns3:hr>148</ns3:hr>
          </ns3:TrackPointExtension>
        </extensions>
      </trkpt>
      <trkpt lat="-36.9180133100599051" lon="174.5069358497858047">
        <ele>147.8000030517578125</ele>
        <time>2026-09-26T20:16:38.000Z</time>
        <extensions>
          <ns3:TrackPointExtension>
            <ns3:atemp>15.0</ns3:atemp>
            <ns3:hr>146</ns3:hr>
          </ns3:TrackPointExtension>
        </extensions>
      </trkpt>
      <trkpt lat="-36.9180762581527233" lon="174.5069433934986591">
        <ele>147.1999969482421875</ele>
        <time>2026-09-26T20:16:39.000Z</time>
        <extensions>
          <ns3:TrackPointExtension>
            <ns3:atemp>15.0</ns3:atemp>
            <ns3:hr>148</ns3:hr>
          </ns3:TrackPointExtension>
        </extensions>
      </trkpt>
      <trkpt lat="-36.9181360211223364" lon="174.506935179233551">
        <ele>146.8000030517578125</ele>
        <time>2026-09-26T20:16:40.000Z</time>
        <extensions>
          <ns3:TrackPointExtension>
            <ns3:atemp>15.0</ns3:atemp>
            <ns3:hr>148</ns3:hr>
          </ns3:TrackPointExtension>
        </extensions>
      </trkpt>
      <trkpt lat="-36.9182164035737514" lon="174.5069731492549181">
        <ele>146.1999969482421875</ele>
        <time>2026-09-26T20:16:41.000Z</time>
        <extensions>
          <ns3:TrackPointExtension>
            <ns3:atemp>15.0</ns3:atemp>
            <ns3:hr>147</ns3:hr>
          </ns3:TrackPointExtension>
        </extensions>
      </trkpt>
      <trkpt lat="-36.9182733166962862" lon="174.5069697126746178">
        <ele>145.8000030517578125</ele>
        <time>2026-09-26T20:16:42.000Z</time>
        <extensions>
          <ns3:TrackPointExtension>
            <ns3:atemp>15.0</ns3:atemp>
            <ns3:hr>147</ns3:hr>
          </ns3:TrackPointExtension>
        </extensions>
      </trkpt>
      <trkpt lat="-36.9183145556598902" lon="174.5069354306906462">
        <ele>145.399993896484375</ele>
        <time>2026-09-26T20:16:43.000Z</time>
        <extensions>
          <ns3:TrackPointExtension>
            <ns3:atemp>15.0</ns3:atemp>
            <ns3:hr>147</ns3:hr>
          </ns3:TrackPointExtension>
        </extensions>
      </trkpt>
      <trkpt lat="-36.9183643441647291" lon="174.5069596543908119">
        <ele>145.0</ele>
        <time>2026-09-26T20:16:44.000Z</time>
        <extensions>
          <ns3:TrackPointExtension>
            <ns3:atemp>15.0</ns3:atemp>
            <ns3:hr>146</ns3:hr>
          </ns3:TrackPointExtension>
        </extensions>
      </trkpt>
      <trkpt lat="-36.9184413738548756" lon="174.5069796871393919">
        <ele>144.1999969482421875</ele>
        <time>2026-09-26T20:16:45.000Z</time>
        <extensions>
          <ns3:TrackPointExtension>
            <ns3:atemp>15.0</ns3:atemp>
            <ns3:hr>146</ns3:hr>
          </ns3:TrackPointExtension>
        </extensions>
      </trkpt>
      <trkpt lat="-36.9185087643563747" lon="174.5070173218846321">
        <ele>143.8000030517578125</ele>
        <time>2026-09-26T20:16:46.000Z</time>
        <extensions>
          <ns3:TrackPointExtension>
            <ns3:atemp>15.0</ns3:atemp>
            <ns3:hr>146</ns3:hr>
          </ns3:TrackPointExtension>
        </extensions>
      </trkpt>
      <trkpt lat="-36.9185774121433496" lon="174.5069763343781233">
        <ele>143.0</ele>
        <time>2026-09-26T20:16:47.000Z</time>
        <extensions>
          <ns3:TrackPointExtension>
            <ns3:atemp>15.0</ns3:atemp>
            <ns3:hr>146</ns3:hr>
          </ns3:TrackPointExtension>
        </extensions>
      </trkpt>
      <trkpt lat="-36.9186230935156345" lon="174.5070013962686062">
        <ele>142.600006103515625</ele>
        <time>2026-09-26T20:16:48.000Z</time>
        <extensions>
          <ns3:TrackPointExtension>
            <ns3:atemp>15.0</ns3:atemp>
            <ns3:hr>146</ns3:hr>
          </ns3:TrackPointExtension>
        </extensions>
      </trkpt>
      <trkpt lat="-36.9186844490468502" lon="174.50700793415308">
        <ele>142.1999969482421875</ele>
        <time>2026-09-26T20:16:49.000Z</time>
        <extensions>
          <ns3:TrackPointExtension>
            <ns3:atemp>15.0</ns3:atemp>
            <ns3:hr>146</ns3:hr>
          </ns3:TrackPointExtension>
        </extensions>
      </trkpt>
      <trkpt lat="-36.9187440443783998" lon="174.5070529449731112">
        <ele>141.600006103515625</ele>
        <time>2026-09-26T20:16:50.000Z</time>
        <extensions>
          <ns3:TrackPointExtension>
            <ns3:atemp>15.0</ns3:atemp>
            <ns3:hr>146</ns3:hr>
          </ns3:TrackPointExtension>
        </extensions>
      </trkpt>
      <trkpt lat="-36.918790815398097" lon="174.5070437248796225">
        <ele>141.399993896484375</ele>
        <time>2026-09-26T20:16:51.000Z</time>
        <extensions>
          <ns3:TrackPointExtension>
            <ns3:atemp>15.0</ns3:atemp>
            <ns3:hr>146</ns3:hr>
          </ns3:TrackPointExtension>
        </extensions>
      </trkpt>
      <trkpt lat="-36.9188199006021023" lon="174.5070356782525778">
        <ele>141.0</ele>
        <time>2026-09-26T20:16:52.000Z</time>
        <extensions>
          <ns3:TrackPointExtension>
            <ns3:atemp>15.0</ns3:atemp>
            <ns3:hr>145</ns3:hr>
          </ns3:TrackPointExtension>
        </extensions>
      </trkpt>
      <trkpt lat="-36.9188886322081089" lon="174.5070713851600885">
        <ele>140.399993896484375</ele>
        <time>2026-09-26T20:16:53.000Z</time>
        <extensions>
          <ns3:TrackPointExtension>
            <ns3:atemp>15.0</ns3:atemp>
            <ns3:hr>146</ns3:hr>
          </ns3:TrackPointExtension>
        </extensions>
      </trkpt>
      <trkpt lat="-36.9189558550715446" lon="174.5070615783333778">
        <ele>140.0</ele>
        <time>2026-09-26T20:16:54.000Z</time>
        <extensions>
          <ns3:TrackPointExtension>
            <ns3:atemp>15.0</ns3:atemp>
            <ns3:hr>147</ns3:hr>
          </ns3:TrackPointExtension>
        </extensions>
      </trkpt>
      <trkpt lat="-36.9190158694982529" lon="174.507009694352746">
        <ele>139.600006103515625</ele>
        <time>2026-09-26T20:16:55.000Z</time>
        <extensions>
          <ns3:TrackPointExtension>
            <ns3:atemp>14.0</ns3:atemp>
            <ns3:hr>147</ns3:hr>
          </ns3:TrackPointExtension>
        </extensions>
      </trkpt>
      <trkpt lat="-36.9190835952758789" lon="174.5070552919059992">
        <ele>139.1999969482421875</ele>
        <time>2026-09-26T20:16:56.000Z</time>
        <extensions>
          <ns3:TrackPointExtension>
            <ns3:atemp>14.0</ns3:atemp>
            <ns3:hr>147</ns3:hr>
          </ns3:TrackPointExtension>
        </extensions>
      </trkpt>
      <trkpt lat="-36.9191358983516693" lon="174.5070322416722775">
        <ele>138.600006103515625</ele>
        <time>2026-09-26T20:16:57.000Z</time>
        <extensions>
          <ns3:TrackPointExtension>
            <ns3:atemp>14.0</ns3:atemp>
            <ns3:hr>146</ns3:hr>
          </ns3:TrackPointExtension>
        </extensions>
      </trkpt>
      <trkpt lat="-36.9191890396177769" lon="174.5070478320121765">
        <ele>138.1999969482421875</ele>
        <time>2026-09-26T20:16:58.000Z</time>
        <extensions>
          <ns3:TrackPointExtension>
            <ns3:atemp>14.0</ns3:atemp>
            <ns3:hr>146</ns3:hr>
          </ns3:TrackPointExtension>
        </extensions>
      </trkpt>
      <trkpt lat="-36.9192550051957369" lon="174.507049173116684">
        <ele>137.8000030517578125</ele>
        <time>2026-09-26T20:16:59.000Z</time>
        <extensions>
          <ns3:TrackPointExtension>
            <ns3:atemp>14.0</ns3:atemp>
            <ns3:hr>146</ns3:hr>
          </ns3:TrackPointExtension>
        </extensions>
      </trkpt>
      <trkpt lat="-36.9192989263683558" lon="174.5070521906018257">
        <ele>137.1999969482421875</ele>
        <time>2026-09-26T20:17:00.000Z</time>
        <extensions>
          <ns3:TrackPointExtension>
            <ns3:atemp>14.0</ns3:atemp>
            <ns3:hr>146</ns3:hr>
          </ns3:TrackPointExtension>
        </extensions>
      </trkpt>
      <trkpt lat="-36.9193701725453138" lon="174.5070402044802904">
        <ele>136.8000030517578125</ele>
        <time>2026-09-26T20:17:01.000Z</time>
        <extensions>
          <ns3:TrackPointExtension>
            <ns3:atemp>14.0</ns3:atemp>
            <ns3:hr>146</ns3:hr>
          </ns3:TrackPointExtension>
        </extensions>
      </trkpt>
      <trkpt lat="-36.9194654747843742" lon="174.507050346583128">
        <ele>136.1999969482421875</ele>
        <time>2026-09-26T20:17:02.000Z</time>
        <extensions>
          <ns3:TrackPointExtension>
            <ns3:atemp>14.0</ns3:atemp>
            <ns3:hr>146</ns3:hr>
          </ns3:TrackPointExtension>
        </extensions>
      </trkpt>
      <trkpt lat="-36.9194839149713516" lon="174.507062416523695">
        <ele>135.600006103515625</ele>
        <time>2026-09-26T20:17:03.000Z</time>
        <extensions>
          <ns3:TrackPointExtension>
            <ns3:atemp>14.0</ns3:atemp>
            <ns3:hr>147</ns3:hr>
          </ns3:TrackPointExtension>
        </extensions>
      </trkpt>
      <trkpt lat="-36.9195663090795279" lon="174.5070745702832937">
        <ele>135.1999969482421875</ele>
        <time>2026-09-26T20:17:04.000Z</time>
        <extensions>
          <ns3:TrackPointExtension>
            <ns3:atemp>14.0</ns3:atemp>
            <ns3:hr>146</ns3:hr>
          </ns3:TrackPointExtension>
        </extensions>
      </trkpt>
      <trkpt lat="-36.9196050334721804" lon="174.5070505980402231">
        <ele>134.600006103515625</ele>
        <time>2026-09-26T20:17:05.000Z</time>
        <extensions>
          <ns3:TrackPointExtension>
            <ns3:atemp>14.0</ns3:atemp>
            <ns3:hr>146</ns3:hr>
          </ns3:TrackPointExtension>
        </extensions>
      </trkpt>
      <trkpt lat="-36.9196491222828627" lon="174.5069942716509104">
        <ele>134.1999969482421875</ele>
        <time>2026-09-26T20:17:06.000Z</time>
        <extensions>
          <ns3:TrackPointExtension>
            <ns3:atemp>14.0</ns3:atemp>
            <ns3:hr>146</ns3:hr>
          </ns3:TrackPointExtension>
        </extensions>
      </trkpt>
      <trkpt lat="-36.9197121541947126" lon="174.5069583971053362">
        <ele>133.8000030517578125</ele>
        <time>2026-09-26T20:17:07.000Z</time>
        <extensions>
          <ns3:TrackPointExtension>
            <ns3:atemp>14.0</ns3:atemp>
            <ns3:hr>146</ns3:hr>
          </ns3:TrackPointExtension>
        </extensions>
      </trkpt>
      <trkpt lat="-36.9197771977633238" lon="174.5069199241697788">
        <ele>133.1999969482421875</ele>
        <time>2026-09-26T20:17:08.000Z</time>
        <extensions>
          <ns3:TrackPointExtension>
            <ns3:atemp>14.0</ns3:atemp>
            <ns3:hr>147</ns3:hr>
          </ns3:TrackPointExtension>
        </extensions>
      </trkpt>
      <trkpt lat="-36.9198336917907" lon="174.5069046691060066">
        <ele>133.0</ele>
        <time>2026-09-26T20:17:09.000Z</time>
        <extensions>
          <ns3:TrackPointExtension>
            <ns3:atemp>14.0</ns3:atemp>
            <ns3:hr>146</ns3:hr>
          </ns3:TrackPointExtension>
        </extensions>
      </trkpt>
      <trkpt lat="-36.9198891799896955" lon="174.5068755839020014">
        <ele>132.1999969482421875</ele>
        <time>2026-09-26T20:17:10.000Z</time>
        <extensions>
          <ns3:TrackPointExtension>
            <ns3:atemp>14.0</ns3:atemp>
            <ns3:hr>146</ns3:hr>
          </ns3:TrackPointExtension>
        </extensions>
      </trkpt>
      <trkpt lat="-36.9199554808437824" lon="174.5068255439400673">
        <ele>131.1999969482421875</ele>
        <time>2026-09-26T20:17:11.000Z</time>
        <extensions>
          <ns3:TrackPointExtension>
            <ns3:atemp>14.0</ns3:atemp>
            <ns3:hr>146</ns3:hr>
          </ns3:TrackPointExtension>
        </extensions>
      </trkpt>
      <trkpt lat="-36.9200402218848467" lon="174.5067812874913216">
        <ele>130.1999969482421875</ele>
        <time>2026-09-26T20:17:12.000Z</time>
        <extensions>
          <ns3:TrackPointExtension>
            <ns3:atemp>14.0</ns3:atemp>
            <ns3:hr>146</ns3:hr>
          </ns3:TrackPointExtension>
        </extensions>
      </trkpt>
      <trkpt lat="-36.9200868252664804" lon="174.5067680440843105">
        <ele>129.399993896484375</ele>
        <time>2026-09-26T20:17:13.000Z</time>
        <extensions>
          <ns3:TrackPointExtension>
            <ns3:atemp>14.0</ns3:atemp>
            <ns3:hr>146</ns3:hr>
          </ns3:TrackPointExtension>
        </extensions>
      </trkpt>
      <trkpt lat="-36.9201265554875135" lon="174.5067077782005072">
        <ele>128.399993896484375</ele>
        <time>2026-09-26T20:17:14.000Z</time>
        <extensions>
          <ns3:TrackPointExtension>
            <ns3:atemp>14.0</ns3:atemp>
            <ns3:hr>147</ns3:hr>
          </ns3:TrackPointExtension>
        </extensions>
      </trkpt>
      <trkpt lat="-36.9202008191496134" lon="174.5066793635487556">
        <ele>127.8000030517578125</ele>
        <time>2026-09-26T20:17:15.000Z</time>
        <extensions>
          <ns3:TrackPointExtension>
            <ns3:atemp>14.0</ns3:atemp>
            <ns3:hr>149</ns3:hr>
          </ns3:TrackPointExtension>
        </extensions>
      </trkpt>
      <trkpt lat="-36.9202504400163889" lon="174.5066465064883232">
        <ele>126.59999847412109375</ele>
        <time>2026-09-26T20:17:16.000Z</time>
        <extensions>
          <ns3:TrackPointExtension>
            <ns3:atemp>14.0</ns3:atemp>
            <ns3:hr>148</ns3:hr>
          </ns3:TrackPointExtension>
        </extensions>
      </trkpt>
      <trkpt lat="-36.9203424733132124" lon="174.5066050160676241">
        <ele>125.8000030517578125</ele>
        <time>2026-09-26T20:17:17.000Z</time>
        <extensions>
          <ns3:TrackPointExtension>
            <ns3:atemp>14.0</ns3:atemp>
            <ns3:hr>148</ns3:hr>
          </ns3:TrackPointExtension>
        </extensions>
      </trkpt>
      <trkpt lat="-36.9203962851315737" lon="174.5065456721931696">
        <ele>124.8000030517578125</ele>
        <time>2026-09-26T20:17:18.000Z</time>
        <extensions>
          <ns3:TrackPointExtension>
            <ns3:atemp>14.0</ns3:atemp>
            <ns3:hr>147</ns3:hr>
          </ns3:TrackPointExtension>
        </extensions>
      </trkpt>
      <trkpt lat="-36.920475997030735" lon="174.5065138209611177">
        <ele>124.0</ele>
        <time>2026-09-26T20:17:19.000Z</time>
        <extensions>
          <ns3:TrackPointExtension>
            <ns3:atemp>14.0</ns3:atemp>
            <ns3:hr>146</ns3:hr>
          </ns3:TrackPointExtension>
        </extensions>
      </trkpt>
      <trkpt lat="-36.920537268742919" lon="174.5064874179661274">
        <ele>123.0</ele>
        <time>2026-09-26T20:17:20.000Z</time>
        <extensions>
          <ns3:TrackPointExtension>
            <ns3:atemp>14.0</ns3:atemp>
            <ns3:hr>147</ns3:hr>
          </ns3:TrackPointExtension>
        </extensions>
      </trkpt>
      <trkpt lat="-36.9205799326300621" lon="174.5064408984035254">
        <ele>122.1999969482421875</ele>
        <time>2026-09-26T20:17:21.000Z</time>
        <extensions>
          <ns3:TrackPointExtension>
            <ns3:atemp>14.0</ns3:atemp>
            <ns3:hr>146</ns3:hr>
          </ns3:TrackPointExtension>
        </extensions>
      </trkpt>
      <trkpt lat="-36.9206316489726305" lon="174.5064148306846619">
        <ele>121.40000152587890625</ele>
        <time>2026-09-26T20:17:22.000Z</time>
        <extensions>
          <ns3:TrackPointExtension>
            <ns3:atemp>14.0</ns3:atemp>
            <ns3:hr>146</ns3:hr>
          </ns3:TrackPointExtension>
        </extensions>
      </trkpt>
      <trkpt lat="-36.9206780847162008" lon="174.5063936244696379">
        <ele>120.59999847412109375</ele>
        <time>2026-09-26T20:17:23.000Z</time>
        <extensions>
          <ns3:TrackPointExtension>
            <ns3:atemp>14.0</ns3:atemp>
            <ns3:hr>147</ns3:hr>
          </ns3:TrackPointExtension>
        </extensions>
      </trkpt>
      <trkpt lat="-36.9207271188497543" lon="174.5063253119587898">
        <ele>119.8000030517578125</ele>
        <time>2026-09-26T20:17:24.000Z</time>
        <extensions>
          <ns3:TrackPointExtension>
            <ns3:atemp>14.0</ns3:atemp>
            <ns3:hr>147</ns3:hr>
          </ns3:TrackPointExtension>
        </extensions>
      </trkpt>
      <trkpt lat="-36.92081144079566" lon="174.5062964782118797">
        <ele>119.0</ele>
        <time>2026-09-26T20:17:25.000Z</time>
        <extensions>
          <ns3:TrackPointExtension>
            <ns3:atemp>14.0</ns3:atemp>
            <ns3:hr>147</ns3:hr>
          </ns3:TrackPointExtension>
        </extensions>
      </trkpt>
      <trkpt lat="-36.9208477344363928" lon="174.506261358037591">
        <ele>118.1999969482421875</ele>
        <time>2026-09-26T20:17:26.000Z</time>
        <extensions>
          <ns3:TrackPointExtension>
            <ns3:atemp>14.0</ns3:atemp>
            <ns3:hr>146</ns3:hr>
          </ns3:TrackPointExtension>
        </extensions>
      </trkpt>
      <trkpt lat="-36.9209268596023321" lon="174.5062194485217333">
        <ele>117.40000152587890625</ele>
        <time>2026-09-26T20:17:27.000Z</time>
        <extensions>
          <ns3:TrackPointExtension>
            <ns3:atemp>14.0</ns3:atemp>
            <ns3:hr>146</ns3:hr>
          </ns3:TrackPointExtension>
        </extensions>
      </trkpt>
      <trkpt lat="-36.9209738820791245" lon="174.5062228851020336">
        <ele>116.59999847412109375</ele>
        <time>2026-09-26T20:17:28.000Z</time>
        <extensions>
          <ns3:TrackPointExtension>
            <ns3:atemp>14.0</ns3:atemp>
            <ns3:hr>146</ns3:hr>
          </ns3:TrackPointExtension>
        </extensions>
      </trkpt>
      <trkpt lat="-36.9210209045559168" lon="174.5061636250466108">
        <ele>115.8000030517578125</ele>
        <time>2026-09-26T20:17:29.000Z</time>
        <extensions>
          <ns3:TrackPointExtension>
            <ns3:atemp>14.0</ns3:atemp>
            <ns3:hr>146</ns3:hr>
          </ns3:TrackPointExtension>
        </extensions>
      </trkpt>
      <trkpt lat="-36.9210920669138432" lon="174.5061334501951933">
        <ele>115.1999969482421875</ele>
        <time>2026-09-26T20:17:30.000Z</time>
        <extensions>
          <ns3:TrackPointExtension>
            <ns3:atemp>14.0</ns3:atemp>
            <ns3:hr>146</ns3:hr>
          </ns3:TrackPointExtension>
        </extensions>
      </trkpt>
      <trkpt lat="-36.9211144465953112" lon="174.5060967374593019">
        <ele>114.8000030517578125</ele>
        <time>2026-09-26T20:17:31.000Z</time>
        <extensions>
          <ns3:TrackPointExtension>
            <ns3:atemp>14.0</ns3:atemp>
            <ns3:hr>145</ns3:hr>
          </ns3:TrackPointExtension>
        </extensions>
      </trkpt>
      <trkpt lat="-36.9211501535028219" lon="174.5060396566987038">
        <ele>114.40000152587890625</ele>
        <time>2026-09-26T20:17:32.000Z</time>
        <extensions>
          <ns3:TrackPointExtension>
            <ns3:atemp>14.0</ns3:atemp>
            <ns3:hr>144</ns3:hr>
          </ns3:TrackPointExtension>
        </extensions>
      </trkpt>
      <trkpt lat="-36.921219639480114" lon="174.5060078892856836">
        <ele>114.40000152587890625</ele>
        <time>2026-09-26T20:17:33.000Z</time>
        <extensions>
          <ns3:TrackPointExtension>
            <ns3:atemp>14.0</ns3:atemp>
            <ns3:hr>143</ns3:hr>
          </ns3:TrackPointExtension>
        </extensions>
      </trkpt>
      <trkpt lat="-36.9212094973772764" lon="174.5059982500970364">
        <ele>114.1999969482421875</ele>
        <time>2026-09-26T20:17:34.000Z</time>
        <extensions>
          <ns3:TrackPointExtension>
            <ns3:atemp>14.0</ns3:atemp>
            <ns3:hr>144</ns3:hr>
          </ns3:TrackPointExtension>
        </extensions>
      </trkpt>
      <trkpt lat="-36.92124143242836" lon="174.5059874374419451">
        <ele>114.0</ele>
        <time>2026-09-26T20:17:35.000Z</time>
        <extensions>
          <ns3:TrackPointExtension>
            <ns3:atemp>14.0</ns3:atemp>
            <ns3:hr>144</ns3:hr>
          </ns3:TrackPointExtension>
        </extensions>
      </trkpt>
      <trkpt lat="-36.9213036261498928" lon="174.5058933086693287">
        <ele>113.59999847412109375</ele>
        <time>2026-09-26T20:17:36.000Z</time>
        <extensions>
          <ns3:TrackPointExtension>
            <ns3:atemp>14.0</ns3:atemp>
            <ns3:hr>144</ns3:hr>
          </ns3:TrackPointExtension>
        </extensions>
      </trkpt>
      <trkpt lat="-36.9213185459375381" lon="174.5058697555214167">
        <ele>113.8000030517578125</ele>
        <time>2026-09-26T20:17:37.000Z</time>
        <extensions>
          <ns3:TrackPointExtension>
            <ns3:atemp>14.0</ns3:atemp>
            <ns3:hr>144</ns3:hr>
          </ns3:TrackPointExtension>
        </extensions>
      </trkpt>
      <trkpt lat="-36.9213586952537298" lon="174.5058363955467939">
        <ele>113.40000152587890625</ele>
        <time>2026-09-26T20:17:38.000Z</time>
        <extensions>
          <ns3:TrackPointExtension>
            <ns3:atemp>14.0</ns3:atemp>
            <ns3:hr>143</ns3:hr>
          </ns3:TrackPointExtension>
        </extensions>
      </trkpt>
      <trkpt lat="-36.9213556777685881" lon="174.5057705137878656">
        <ele>113.1999969482421875</ele>
        <time>2026-09-26T20:17:39.000Z</time>
        <extensions>
          <ns3:TrackPointExtension>
            <ns3:atemp>15.0</ns3:atemp>
            <ns3:hr>144</ns3:hr>
          </ns3:TrackPointExtension>
        </extensions>
      </trkpt>
      <trkpt lat="-36.9213510677218437" lon="174.5057439431548119">
        <ele>113.1999969482421875</ele>
        <time>2026-09-26T20:17:40.000Z</time>
        <extensions>
          <ns3:TrackPointExtension>
            <ns3:atemp>15.0</ns3:atemp>
            <ns3:hr>144</ns3:hr>
          </ns3:TrackPointExtension>
        </extensions>
      </trkpt>
      <trkpt lat="-36.9213641434907913" lon="174.5056447852402925">
        <ele>113.0</ele>
        <time>2026-09-26T20:17:41.000Z</time>
        <extensions>
          <ns3:TrackPointExtension>
            <ns3:atemp>15.0</ns3:atemp>
            <ns3:hr>144</ns3:hr>
          </ns3:TrackPointExtension>
        </extensions>
      </trkpt>
      <trkpt lat="-36.9213931448757648" lon="174.5055946614593267">
        <ele>112.8000030517578125</ele>
        <time>2026-09-26T20:17:42.000Z</time>
        <extensions>
          <ns3:TrackPointExtension>
            <ns3:atemp>15.0</ns3:atemp>
            <ns3:hr>143</ns3:hr>
          </ns3:TrackPointExtension>
        </extensions>
      </trkpt>
      <trkpt lat="-36.9213989283889532" lon="174.5055193919688463">
        <ele>112.40000152587890625</ele>
        <time>2026-09-26T20:17:43.000Z</time>
        <extensions>
          <ns3:TrackPointExtension>
            <ns3:atemp>15.0</ns3:atemp>
            <ns3:hr>144</ns3:hr>
          </ns3:TrackPointExtension>
        </extensions>
      </trkpt>
      <trkpt lat="-36.921425499022007" lon="174.5054761413484812">
        <ele>112.0</ele>
        <time>2026-09-26T20:17:44.000Z</time>
        <extensions>
          <ns3:TrackPointExtension>
            <ns3:atemp>15.0</ns3:atemp>
            <ns3:hr>144</ns3:hr>
          </ns3:TrackPointExtension>
        </extensions>
      </trkpt>
      <trkpt lat="-36.9214103277772665" lon="174.505401374772191">
        <ele>111.8000030517578125</ele>
        <time>2026-09-26T20:17:45.000Z</time>
        <extensions>
          <ns3:TrackPointExtension>
            <ns3:atemp>15.0</ns3:atemp>
            <ns3:hr>144</ns3:hr>
          </ns3:TrackPointExtension>
        </extensions>
      </trkpt>
      <trkpt lat="-36.9213932286947966" lon="174.5053985249251127">
        <ele>111.8000030517578125</ele>
        <time>2026-09-26T20:17:46.000Z</time>
        <extensions>
          <ns3:TrackPointExtension>
            <ns3:atemp>15.0</ns3:atemp>
            <ns3:hr>144</ns3:hr>
          </ns3:TrackPointExtension>
        </extensions>
      </trkpt>
      <trkpt lat="-36.9214080646634102" lon="174.5053327269852161">
        <ele>111.59999847412109375</ele>
        <time>2026-09-26T20:17:47.000Z</time>
        <extensions>
          <ns3:TrackPointExtension>
            <ns3:atemp>15.0</ns3:atemp>
            <ns3:hr>145</ns3:hr>
          </ns3:TrackPointExtension>
        </extensions>
      </trkpt>
      <trkpt lat="-36.9214092381298542" lon="174.5052188169211149">
        <ele>111.0</ele>
        <time>2026-09-26T20:17:48.000Z</time>
        <extensions>
          <ns3:TrackPointExtension>
            <ns3:atemp>15.0</ns3:atemp>
            <ns3:hr>145</ns3:hr>
          </ns3:TrackPointExtension>
        </extensions>
      </trkpt>
      <trkpt lat="-36.9214213918894529" lon="174.5051919110119343">
        <ele>111.0</ele>
        <time>2026-09-26T20:17:49.000Z</time>
        <extensions>
          <ns3:TrackPointExtension>
            <ns3:atemp>15.0</ns3:atemp>
            <ns3:hr>144</ns3:hr>
          </ns3:TrackPointExtension>
        </extensions>
      </trkpt>
      <trkpt lat="-36.9214568473398685" lon="174.505134578794241">
        <ele>110.59999847412109375</ele>
        <time>2026-09-26T20:17:50.000Z</time>
        <extensions>
          <ns3:TrackPointExtension>
            <ns3:atemp>15.0</ns3:atemp>
            <ns3:hr>145</ns3:hr>
          </ns3:TrackPointExtension>
        </extensions>
      </trkpt>
      <trkpt lat="-36.9214747007936239" lon="174.5050668530166149">
        <ele>110.40000152587890625</ele>
        <time>2026-09-26T20:17:51.000Z</time>
        <extensions>
          <ns3:TrackPointExtension>
            <ns3:atemp>15.0</ns3:atemp>
            <ns3:hr>144</ns3:hr>
          </ns3:TrackPointExtension>
        </extensions>
      </trkpt>
      <trkpt lat="-36.9215001817792654" lon="174.5050272904336452">
        <ele>110.1999969482421875</ele>
        <time>2026-09-26T20:17:52.000Z</time>
        <extensions>
          <ns3:TrackPointExtension>
            <ns3:atemp>15.0</ns3:atemp>
            <ns3:hr>144</ns3:hr>
          </ns3:TrackPointExtension>
        </extensions>
      </trkpt>
      <trkpt lat="-36.9215335417538881" lon="174.5049612410366535">
        <ele>110.0</ele>
        <time>2026-09-26T20:17:53.000Z</time>
        <extensions>
          <ns3:TrackPointExtension>
            <ns3:atemp>15.0</ns3:atemp>
            <ns3:hr>142</ns3:hr>
          </ns3:TrackPointExtension>
        </extensions>
      </trkpt>
      <trkpt lat="-36.9215445220470428" lon="174.5049448125064373">
        <ele>109.59999847412109375</ele>
        <time>2026-09-26T20:17:54.000Z</time>
        <extensions>
          <ns3:TrackPointExtension>
            <ns3:atemp>15.0</ns3:atemp>
            <ns3:hr>142</ns3:hr>
          </ns3:TrackPointExtension>
        </extensions>
      </trkpt>
      <trkpt lat="-36.9215666502714157" lon="174.5048640947788954">
        <ele>109.59999847412109375</ele>
        <time>2026-09-26T20:17:55.000Z</time>
        <extensions>
          <ns3:TrackPointExtension>
            <ns3:atemp>15.0</ns3:atemp>
            <ns3:hr>142</ns3:hr>
          </ns3:TrackPointExtension>
        </extensions>
      </trkpt>
      <trkpt lat="-36.9216201268136501" lon="174.5048477500677109">
        <ele>109.1999969482421875</ele>
        <time>2026-09-26T20:17:56.000Z</time>
        <extensions>
          <ns3:TrackPointExtension>
            <ns3:atemp>15.0</ns3:atemp>
            <ns3:hr>143</ns3:hr>
          </ns3:TrackPointExtension>
        </extensions>
      </trkpt>
      <trkpt lat="-36.9216272514313459" lon="174.5047507714480162">
        <ele>108.59999847412109375</ele>
        <time>2026-09-26T20:17:57.000Z</time>
        <extensions>
          <ns3:TrackPointExtension>
            <ns3:atemp>15.0</ns3:atemp>
            <ns3:hr>142</ns3:hr>
          </ns3:TrackPointExtension>
        </extensions>
      </trkpt>
      <trkpt lat="-36.9216760341078043" lon="174.5047221053391695">
        <ele>108.59999847412109375</ele>
        <time>2026-09-26T20:17:58.000Z</time>
        <extensions>
          <ns3:TrackPointExtension>
            <ns3:atemp>15.0</ns3:atemp>
            <ns3:hr>144</ns3:hr>
          </ns3:TrackPointExtension>
        </extensions>
      </trkpt>
      <trkpt lat="-36.921698497608304" lon="174.5046860631555319">
        <ele>108.40000152587890625</ele>
        <time>2026-09-26T20:17:59.000Z</time>
        <extensions>
          <ns3:TrackPointExtension>
            <ns3:atemp>15.0</ns3:atemp>
            <ns3:hr>143</ns3:hr>
          </ns3:TrackPointExtension>
        </extensions>
      </trkpt>
      <trkpt lat="-36.921728253364563" lon="174.5046237017959356">
        <ele>108.0</ele>
        <time>2026-09-26T20:18:00.000Z</time>
        <extensions>
          <ns3:TrackPointExtension>
            <ns3:atemp>15.0</ns3:atemp>
            <ns3:hr>142</ns3:hr>
          </ns3:TrackPointExtension>
        </extensions>
      </trkpt>
      <trkpt lat="-36.9217604398727417" lon="174.5046158228069544">
        <ele>108.0</ele>
        <time>2026-09-26T20:18:01.000Z</time>
        <extensions>
          <ns3:TrackPointExtension>
            <ns3:atemp>15.0</ns3:atemp>
            <ns3:hr>142</ns3:hr>
          </ns3:TrackPointExtension>
        </extensions>
      </trkpt>
      <trkpt lat="-36.921807462349534" lon="174.5045643579214811">
        <ele>107.8000030517578125</ele>
        <time>2026-09-26T20:18:02.000Z</time>
        <extensions>
          <ns3:TrackPointExtension>
            <ns3:atemp>15.0</ns3:atemp>
            <ns3:hr>141</ns3:hr>
          </ns3:TrackPointExtension>
        </extensions>
      </trkpt>
      <trkpt lat="-36.9218088034540415" lon="174.5045214425772429">
        <ele>107.8000030517578125</ele>
        <time>2026-09-26T20:18:03.000Z</time>
        <extensions>
          <ns3:TrackPointExtension>
            <ns3:atemp>15.0</ns3:atemp>
            <ns3:hr>141</ns3:hr>
          </ns3:TrackPointExtension>
        </extensions>
      </trkpt>
      <trkpt lat="-36.9218594301491976" lon="174.5045062713325024">
        <ele>107.40000152587890625</ele>
        <time>2026-09-26T20:18:04.000Z</time>
        <extensions>
          <ns3:TrackPointExtension>
            <ns3:atemp>15.0</ns3:atemp>
            <ns3:hr>140</ns3:hr>
          </ns3:TrackPointExtension>
        </extensions>
      </trkpt>
      <trkpt lat="-36.9218611903488636" lon="174.504444831982255">
        <ele>107.1999969482421875</ele>
        <time>2026-09-26T20:18:05.000Z</time>
        <extensions>
          <ns3:TrackPointExtension>
            <ns3:atemp>15.0</ns3:atemp>
            <ns3:hr>139</ns3:hr>
          </ns3:TrackPointExtension>
        </extensions>
      </trkpt>
      <trkpt lat="-36.9218912813812494" lon="174.5043898466974497">
        <ele>107.0</ele>
        <time>2026-09-26T20:18:06.000Z</time>
        <extensions>
          <ns3:TrackPointExtension>
            <ns3:atemp>15.0</ns3:atemp>
            <ns3:hr>139</ns3:hr>
          </ns3:TrackPointExtension>
        </extensions>
      </trkpt>
      <trkpt lat="-36.9218997471034527" lon="174.5043359510600567">
        <ele>106.8000030517578125</ele>
        <time>2026-09-26T20:18:07.000Z</time>
        <extensions>
          <ns3:TrackPointExtension>
            <ns3:atemp>15.0</ns3:atemp>
            <ns3:hr>139</ns3:hr>
          </ns3:TrackPointExtension>
        </extensions>
      </trkpt>
      <trkpt lat="-36.9219377171248198" lon="174.5042801275849342">
        <ele>106.8000030517578125</ele>
        <time>2026-09-26T20:18:08.000Z</time>
        <extensions>
          <ns3:TrackPointExtension>
            <ns3:atemp>15.0</ns3:atemp>
            <ns3:hr>139</ns3:hr>
          </ns3:TrackPointExtension>
        </extensions>
      </trkpt>
      <trkpt lat="-36.9219757709652185" lon="174.5042563229799271">
        <ele>106.0</ele>
        <time>2026-09-26T20:18:09.000Z</time>
        <extensions>
          <ns3:TrackPointExtension>
            <ns3:atemp>15.0</ns3:atemp>
            <ns3:hr>141</ns3:hr>
          </ns3:TrackPointExtension>
        </extensions>
      </trkpt>
      <trkpt lat="-36.9219901878386736" lon="174.5042137429118156">
        <ele>105.1999969482421875</ele>
        <time>2026-09-26T20:18:10.000Z</time>
        <extensions>
          <ns3:TrackPointExtension>
            <ns3:atemp>15.0</ns3:atemp>
            <ns3:hr>142</ns3:hr>
          </ns3:TrackPointExtension>
        </extensions>
      </trkpt>
      <trkpt lat="-36.92204131744802" lon="174.5041510462760925">
        <ele>104.1999969482421875</ele>
        <time>2026-09-26T20:18:11.000Z</time>
        <extensions>
          <ns3:TrackPointExtension>
            <ns3:atemp>15.0</ns3:atemp>
            <ns3:hr>142</ns3:hr>
          </ns3:TrackPointExtension>
        </extensions>
      </trkpt>
      <trkpt lat="-36.9220781978219748" lon="174.5041153393685818">
        <ele>103.40000152587890625</ele>
        <time>2026-09-26T20:18:12.000Z</time>
        <extensions>
          <ns3:TrackPointExtension>
            <ns3:atemp>15.0</ns3:atemp>
            <ns3:hr>142</ns3:hr>
          </ns3:TrackPointExtension>
        </extensions>
      </trkpt>
      <trkpt lat="-36.9221273995935917" lon="174.5040707476437092">
        <ele>102.1999969482421875</ele>
        <time>2026-09-26T20:18:13.000Z</time>
        <extensions>
          <ns3:TrackPointExtension>
            <ns3:atemp>14.0</ns3:atemp>
            <ns3:hr>144</ns3:hr>
          </ns3:TrackPointExtension>
        </extensions>
      </trkpt>
      <trkpt lat="-36.9221458397805691" lon="174.504013666883111">
        <ele>101.1999969482421875</ele>
        <time>2026-09-26T20:18:14.000Z</time>
        <extensions>
          <ns3:TrackPointExtension>
            <ns3:atemp>14.0</ns3:atemp>
            <ns3:hr>144</ns3:hr>
          </ns3:TrackPointExtension>
        </extensions>
      </trkpt>
      <trkpt lat="-36.922173835337162" lon="174.5039315242320299">
        <ele>100.1999969482421875</ele>
        <time>2026-09-26T20:18:15.000Z</time>
        <extensions>
          <ns3:TrackPointExtension>
            <ns3:atemp>14.0</ns3:atemp>
            <ns3:hr>145</ns3:hr>
          </ns3:TrackPointExtension>
        </extensions>
      </trkpt>
      <trkpt lat="-36.9222201034426689" lon="174.5039290934801102">
        <ele>99.1999969482421875</ele>
        <time>2026-09-26T20:18:16.000Z</time>
        <extensions>
          <ns3:TrackPointExtension>
            <ns3:atemp>14.0</ns3:atemp>
            <ns3:hr>144</ns3:hr>
          </ns3:TrackPointExtension>
        </extensions>
      </trkpt>
      <trkpt lat="-36.9222397170960903" lon="174.5038830768316984">
        <ele>98.40000152587890625</ele>
        <time>2026-09-26T20:18:17.000Z</time>
        <extensions>
          <ns3:TrackPointExtension>
            <ns3:atemp>14.0</ns3:atemp>
            <ns3:hr>145</ns3:hr>
          </ns3:TrackPointExtension>
        </extensions>
      </trkpt>
      <trkpt lat="-36.9222700595855713" lon="174.5038333721458912">
        <ele>97.0</ele>
        <time>2026-09-26T20:18:18.000Z</time>
        <extensions>
          <ns3:TrackPointExtension>
            <ns3:atemp>14.0</ns3:atemp>
            <ns3:hr>146</ns3:hr>
          </ns3:TrackPointExtension>
        </extensions>
      </trkpt>
      <trkpt lat="-36.9223059341311455" lon="174.5037448592483997">
        <ele>96.0</ele>
        <time>2026-09-26T20:18:19.000Z</time>
        <extensions>
          <ns3:TrackPointExtension>
            <ns3:atemp>14.0</ns3:atemp>
            <ns3:hr>146</ns3:hr>
          </ns3:TrackPointExtension>
        </extensions>
      </trkpt>
      <trkpt lat="-36.9223281461745501" lon="174.5037189591675997">
        <ele>94.8000030517578125</ele>
        <time>2026-09-26T20:18:20.000Z</time>
        <extensions>
          <ns3:TrackPointExtension>
            <ns3:atemp>14.0</ns3:atemp>
            <ns3:hr>146</ns3:hr>
          </ns3:TrackPointExtension>
        </extensions>
      </trkpt>
      <trkpt lat="-36.9223631825298071" lon="174.5036803185939789">
        <ele>94.0</ele>
        <time>2026-09-26T20:18:21.000Z</time>
        <extensions>
          <ns3:TrackPointExtension>
            <ns3:atemp>14.0</ns3:atemp>
            <ns3:hr>146</ns3:hr>
          </ns3:TrackPointExtension>
        </extensions>
      </trkpt>
      <trkpt lat="-36.9223793596029282" lon="174.5035861898213625">
        <ele>93.0</ele>
        <time>2026-09-26T20:18:22.000Z</time>
        <extensions>
          <ns3:TrackPointExtension>
            <ns3:atemp>14.0</ns3:atemp>
            <ns3:hr>146</ns3:hr>
          </ns3:TrackPointExtension>
        </extensions>
      </trkpt>
      <trkpt lat="-36.9224014040082693" lon="174.5035769697278738">
        <ele>92.0</ele>
        <time>2026-09-26T20:18:23.000Z</time>
        <extensions>
          <ns3:TrackPointExtension>
            <ns3:atemp>14.0</ns3:atemp>
            <ns3:hr>146</ns3:hr>
          </ns3:TrackPointExtension>
        </extensions>
      </trkpt>
      <trkpt lat="-36.9224327523261309" lon="174.5034881215542555">
        <ele>91.0</ele>
        <time>2026-09-26T20:18:24.000Z</time>
        <extensions>
          <ns3:TrackPointExtension>
            <ns3:atemp>14.0</ns3:atemp>
            <ns3:hr>146</ns3:hr>
          </ns3:TrackPointExtension>
        </extensions>
      </trkpt>
      <trkpt lat="-36.92245127633214" lon="174.5034304540604353">
        <ele>90.0</ele>
        <time>2026-09-26T20:18:25.000Z</time>
        <extensions>
          <ns3:TrackPointExtension>
            <ns3:atemp>14.0</ns3:atemp>
            <ns3:hr>148</ns3:hr>
          </ns3:TrackPointExtension>
        </extensions>
      </trkpt>
      <trkpt lat="-36.9224885758012533" lon="174.5033800788223743">
        <ele>88.8000030517578125</ele>
        <time>2026-09-26T20:18:26.000Z</time>
        <extensions>
          <ns3:TrackPointExtension>
            <ns3:atemp>14.0</ns3:atemp>
            <ns3:hr>148</ns3:hr>
          </ns3:TrackPointExtension>
        </extensions>
      </trkpt>
      <trkpt lat="-36.9225215166807175" lon="174.5033556036651134">
        <ele>88.0</ele>
        <time>2026-09-26T20:18:27.000Z</time>
        <extensions>
          <ns3:TrackPointExtension>
            <ns3:atemp>14.0</ns3:atemp>
            <ns3:hr>149</ns3:hr>
          </ns3:TrackPointExtension>
        </extensions>
      </trkpt>
      <trkpt lat="-36.9225424714386463" lon="174.5032784901559353">
        <ele>86.8000030517578125</ele>
        <time>2026-09-26T20:18:28.000Z</time>
        <extensions>
          <ns3:TrackPointExtension>
            <ns3:atemp>14.0</ns3:atemp>
            <ns3:hr>149</ns3:hr>
          </ns3:TrackPointExtension>
        </extensions>
      </trkpt>
      <trkpt lat="-36.9225714728236198" lon="174.5032403524965048">
        <ele>85.8000030517578125</ele>
        <time>2026-09-26T20:18:29.000Z</time>
        <extensions>
          <ns3:TrackPointExtension>
            <ns3:atemp>14.0</ns3:atemp>
            <ns3:hr>150</ns3:hr>
          </ns3:TrackPointExtension>
        </extensions>
      </trkpt>
      <trkpt lat="-36.9225685391575098" lon="174.5031668432056904">
        <ele>84.8000030517578125</ele>
        <time>2026-09-26T20:18:30.000Z</time>
        <extensions>
          <ns3:TrackPointExtension>
            <ns3:atemp>14.0</ns3:atemp>
            <ns3:hr>150</ns3:hr>
          </ns3:TrackPointExtension>
        </extensions>
      </trkpt>
      <trkpt lat="-36.9226081855595112" lon="174.5031109359115362">
        <ele>84.1999969482421875</ele>
        <time>2026-09-26T20:18:31.000Z</time>
        <extensions>
          <ns3:TrackPointExtension>
            <ns3:atemp>14.0</ns3:atemp>
            <ns3:hr>150</ns3:hr>
          </ns3:TrackPointExtension>
        </extensions>
      </trkpt>
      <trkpt lat="-36.9226511847227812" lon="174.5030620694160461">
        <ele>83.59999847412109375</ele>
        <time>2026-09-26T20:18:32.000Z</time>
        <extensions>
          <ns3:TrackPointExtension>
            <ns3:atemp>14.0</ns3:atemp>
            <ns3:hr>152</ns3:hr>
          </ns3:TrackPointExtension>
        </extensions>
      </trkpt>
      <trkpt lat="-36.922650346532464" lon="174.502993505448103">
        <ele>83.40000152587890625</ele>
        <time>2026-09-26T20:18:33.000Z</time>
        <extensions>
          <ns3:TrackPointExtension>
            <ns3:atemp>14.0</ns3:atemp>
            <ns3:hr>151</ns3:hr>
          </ns3:TrackPointExtension>
        </extensions>
      </trkpt>
      <trkpt lat="-36.9226471614092588" lon="174.5029325690120459">
        <ele>83.1999969482421875</ele>
        <time>2026-09-26T20:18:34.000Z</time>
        <extensions>
          <ns3:TrackPointExtension>
            <ns3:atemp>14.0</ns3:atemp>
            <ns3:hr>150</ns3:hr>
          </ns3:TrackPointExtension>
        </extensions>
      </trkpt>
      <trkpt lat="-36.9226780906319618" lon="174.5028760749846697">
        <ele>82.59999847412109375</ele>
        <time>2026-09-26T20:18:35.000Z</time>
        <extensions>
          <ns3:TrackPointExtension>
            <ns3:atemp>14.0</ns3:atemp>
            <ns3:hr>151</ns3:hr>
          </ns3:TrackPointExtension>
        </extensions>
      </trkpt>
      <trkpt lat="-36.9226905796676874" lon="174.5028126239776611">
        <ele>82.59999847412109375</ele>
        <time>2026-09-26T20:18:36.000Z</time>
        <extensions>
          <ns3:TrackPointExtension>
            <ns3:atemp>14.0</ns3:atemp>
            <ns3:hr>149</ns3:hr>
          </ns3:TrackPointExtension>
        </extensions>
      </trkpt>
      <trkpt lat="-36.9227232690900564" lon="174.5027431380003691">
        <ele>82.1999969482421875</ele>
        <time>2026-09-26T20:18:37.000Z</time>
        <extensions>
          <ns3:TrackPointExtension>
            <ns3:atemp>14.0</ns3:atemp>
            <ns3:hr>149</ns3:hr>
          </ns3:TrackPointExtension>
        </extensions>
      </trkpt>
      <trkpt lat="-36.9227241910994053" lon="174.5026904158294201">
        <ele>82.0</ele>
        <time>2026-09-26T20:18:38.000Z</time>
        <extensions>
          <ns3:TrackPointExtension>
            <ns3:atemp>14.0</ns3:atemp>
            <ns3:hr>149</ns3:hr>
          </ns3:TrackPointExtension>
        </extensions>
      </trkpt>
      <trkpt lat="-36.922747828066349" lon="174.5026336703449488">
        <ele>81.59999847412109375</ele>
        <time>2026-09-26T20:18:39.000Z</time>
        <extensions>
          <ns3:TrackPointExtension>
            <ns3:atemp>14.0</ns3:atemp>
            <ns3:hr>148</ns3:hr>
          </ns3:TrackPointExtension>
        </extensions>
      </trkpt>
      <trkpt lat="-36.9228006340563297" lon="174.5025869831442833">
        <ele>81.59999847412109375</ele>
        <time>2026-09-26T20:18:40.000Z</time>
        <extensions>
          <ns3:TrackPointExtension>
            <ns3:atemp>14.0</ns3:atemp>
            <ns3:hr>147</ns3:hr>
          </ns3:TrackPointExtension>
        </extensions>
      </trkpt>
      <trkpt lat="-36.9228004664182663" lon="174.5024994760751724">
        <ele>81.1999969482421875</ele>
        <time>2026-09-26T20:18:41.000Z</time>
        <extensions>
          <ns3:TrackPointExtension>
            <ns3:atemp>14.0</ns3:atemp>
            <ns3:hr>146</ns3:hr>
          </ns3:TrackPointExtension>
        </extensions>
      </trkpt>
      <trkpt lat="-36.9228385202586651" lon="174.5024633500725031">
        <ele>80.59999847412109375</ele>
        <time>2026-09-26T20:18:42.000Z</time>
        <extensions>
          <ns3:TrackPointExtension>
            <ns3:atemp>14.0</ns3:atemp>
            <ns3:hr>145</ns3:hr>
          </ns3:TrackPointExtension>
        </extensions>
      </trkpt>
      <trkpt lat="-36.9228730536997318" lon="174.5023825485259295">
        <ele>80.59999847412109375</ele>
        <time>2026-09-26T20:18:43.000Z</time>
        <extensions>
          <ns3:TrackPointExtension>
            <ns3:atemp>14.0</ns3:atemp>
            <ns3:hr>144</ns3:hr>
          </ns3:TrackPointExtension>
        </extensions>
      </trkpt>
      <trkpt lat="-36.9228874705731869" lon="174.5023547206073999">
        <ele>80.0</ele>
        <time>2026-09-26T20:18:44.000Z</time>
        <extensions>
          <ns3:TrackPointExtension>
            <ns3:atemp>14.0</ns3:atemp>
            <ns3:hr>144</ns3:hr>
          </ns3:TrackPointExtension>
        </extensions>
      </trkpt>
      <trkpt lat="-36.9229368399828672" lon="174.5022947899997234">
        <ele>79.8000030517578125</ele>
        <time>2026-09-26T20:18:45.000Z</time>
        <extensions>
          <ns3:TrackPointExtension>
            <ns3:atemp>14.0</ns3:atemp>
            <ns3:hr>144</ns3:hr>
          </ns3:TrackPointExtension>
        </extensions>
      </trkpt>
      <trkpt lat="-36.9229242671281099" lon="174.5022730808705091">
        <ele>79.59999847412109375</ele>
        <time>2026-09-26T20:18:46.000Z</time>
        <extensions>
          <ns3:TrackPointExtension>
            <ns3:atemp>14.0</ns3:atemp>
            <ns3:hr>144</ns3:hr>
          </ns3:TrackPointExtension>
        </extensions>
      </trkpt>
      <trkpt lat="-36.9229865446686745" lon="174.5022108871489763">
        <ele>79.40000152587890625</ele>
        <time>2026-09-26T20:18:47.000Z</time>
        <extensions>
          <ns3:TrackPointExtension>
            <ns3:atemp>14.0</ns3:atemp>
            <ns3:hr>144</ns3:hr>
          </ns3:TrackPointExtension>
        </extensions>
      </trkpt>
      <trkpt lat="-36.9229800067842007" lon="174.5021435804665089">
        <ele>79.0</ele>
        <time>2026-09-26T20:18:48.000Z</time>
        <extensions>
          <ns3:TrackPointExtension>
            <ns3:atemp>14.0</ns3:atemp>
            <ns3:hr>144</ns3:hr>
          </ns3:TrackPointExtension>
        </extensions>
      </trkpt>
      <trkpt lat="-36.9230416137725115" lon="174.5021224580705166">
        <ele>78.8000030517578125</ele>
        <time>2026-09-26T20:18:49.000Z</time>
        <extensions>
          <ns3:TrackPointExtension>
            <ns3:atemp>14.0</ns3:atemp>
            <ns3:hr>144</ns3:hr>
          </ns3:TrackPointExtension>
        </extensions>
      </trkpt>
      <trkpt lat="-36.9230550248175859" lon="174.502053139731288">
        <ele>78.59999847412109375</ele>
        <time>2026-09-26T20:18:50.000Z</time>
        <extensions>
          <ns3:TrackPointExtension>
            <ns3:atemp>14.0</ns3:atemp>
            <ns3:hr>143</ns3:hr>
          </ns3:TrackPointExtension>
        </extensions>
      </trkpt>
      <trkpt lat="-36.9230777397751808" lon="174.5019858330488205">
        <ele>78.1999969482421875</ele>
        <time>2026-09-26T20:18:51.000Z</time>
        <extensions>
          <ns3:TrackPointExtension>
            <ns3:atemp>14.0</ns3:atemp>
            <ns3:hr>142</ns3:hr>
          </ns3:TrackPointExtension>
        </extensions>
      </trkpt>
      <trkpt lat="-36.9231007900089025" lon="174.5019208732992411">
        <ele>78.0</ele>
        <time>2026-09-26T20:18:52.000Z</time>
        <extensions>
          <ns3:TrackPointExtension>
            <ns3:atemp>14.0</ns3:atemp>
            <ns3:hr>141</ns3:hr>
          </ns3:TrackPointExtension>
        </extensions>
      </trkpt>
      <trkpt lat="-36.9231343176215887" lon="174.5018621999770403">
        <ele>77.59999847412109375</ele>
        <time>2026-09-26T20:18:53.000Z</time>
        <extensions>
          <ns3:TrackPointExtension>
            <ns3:atemp>14.0</ns3:atemp>
            <ns3:hr>141</ns3:hr>
          </ns3:TrackPointExtension>
        </extensions>
      </trkpt>
      <trkpt lat="-36.9231625646352768" lon="174.5018026046454906">
        <ele>77.40000152587890625</ele>
        <time>2026-09-26T20:18:54.000Z</time>
        <extensions>
          <ns3:TrackPointExtension>
            <ns3:atemp>14.0</ns3:atemp>
            <ns3:hr>141</ns3:hr>
          </ns3:TrackPointExtension>
        </extensions>
      </trkpt>
      <trkpt lat="-36.9231534283608198" lon="174.5017409976571798">
        <ele>77.1999969482421875</ele>
        <time>2026-09-26T20:18:55.000Z</time>
        <extensions>
          <ns3:TrackPointExtension>
            <ns3:atemp>14.0</ns3:atemp>
            <ns3:hr>141</ns3:hr>
          </ns3:TrackPointExtension>
        </extensions>
      </trkpt>
      <trkpt lat="-36.9231528416275978" lon="174.5016668178141117">
        <ele>76.8000030517578125</ele>
        <time>2026-09-26T20:18:56.000Z</time>
        <extensions>
          <ns3:TrackPointExtension>
            <ns3:atemp>14.0</ns3:atemp>
            <ns3:hr>141</ns3:hr>
          </ns3:TrackPointExtension>
        </extensions>
      </trkpt>
      <trkpt lat="-36.9232070725411177" lon="174.5016205497086048">
        <ele>76.59999847412109375</ele>
        <time>2026-09-26T20:18:57.000Z</time>
        <extensions>
          <ns3:TrackPointExtension>
            <ns3:atemp>14.0</ns3:atemp>
            <ns3:hr>141</ns3:hr>
          </ns3:TrackPointExtension>
        </extensions>
      </trkpt>
      <trkpt lat="-36.9232043065130711" lon="174.5015685819089413">
        <ele>76.40000152587890625</ele>
        <time>2026-09-26T20:18:58.000Z</time>
        <extensions>
          <ns3:TrackPointExtension>
            <ns3:atemp>14.0</ns3:atemp>
            <ns3:hr>141</ns3:hr>
          </ns3:TrackPointExtension>
        </extensions>
      </trkpt>
      <trkpt lat="-36.923203133046627" lon="174.5014799013733864">
        <ele>76.0</ele>
        <time>2026-09-26T20:18:59.000Z</time>
        <extensions>
          <ns3:TrackPointExtension>
            <ns3:atemp>14.0</ns3:atemp>
            <ns3:hr>142</ns3:hr>
          </ns3:TrackPointExtension>
        </extensions>
      </trkpt>
      <trkpt lat="-36.9232177175581455" lon="174.5014350581914186">
        <ele>75.59999847412109375</ele>
        <time>2026-09-26T20:19:00.000Z</time>
        <extensions>
          <ns3:TrackPointExtension>
            <ns3:atemp>14.0</ns3:atemp>
            <ns3:hr>141</ns3:hr>
          </ns3:TrackPointExtension>
        </extensions>
      </trkpt>
      <trkpt lat="-36.9232307095080614" lon="174.5013636443763971">
        <ele>75.1999969482421875</ele>
        <time>2026-09-26T20:19:01.000Z</time>
        <extensions>
          <ns3:TrackPointExtension>
            <ns3:atemp>14.0</ns3:atemp>
            <ns3:hr>142</ns3:hr>
          </ns3:TrackPointExtension>
        </extensions>
      </trkpt>
      <trkpt lat="-36.9231840223073959" lon="174.501330116763711">
        <ele>75.1999969482421875</ele>
        <time>2026-09-26T20:19:02.000Z</time>
        <extensions>
          <ns3:TrackPointExtension>
            <ns3:atemp>14.0</ns3:atemp>
            <ns3:hr>142</ns3:hr>
          </ns3:TrackPointExtension>
        </extensions>
      </trkpt>
      <trkpt lat="-36.9231226667761803" lon="174.5013193041086197">
        <ele>75.0</ele>
        <time>2026-09-26T20:19:03.000Z</time>
        <extensions>
          <ns3:TrackPointExtension>
            <ns3:atemp>14.0</ns3:atemp>
            <ns3:hr>142</ns3:hr>
          </ns3:TrackPointExtension>
        </extensions>
      </trkpt>
      <trkpt lat="-36.9230744708329439" lon="174.5013319607824087">
        <ele>75.0</ele>
        <time>2026-09-26T20:19:04.000Z</time>
        <extensions>
          <ns3:TrackPointExtension>
            <ns3:atemp>14.0</ns3:atemp>
            <ns3:hr>142</ns3:hr>
          </ns3:TrackPointExtension>
        </extensions>
      </trkpt>
      <trkpt lat="-36.9230544380843639" lon="174.5012945774942636">
        <ele>74.59999847412109375</ele>
        <time>2026-09-26T20:19:05.000Z</time>
        <extensions>
          <ns3:TrackPointExtension>
            <ns3:atemp>14.0</ns3:atemp>
            <ns3:hr>142</ns3:hr>
          </ns3:TrackPointExtension>
        </extensions>
      </trkpt>
      <trkpt lat="-36.9230045657604933" lon="174.5012892130762339">
        <ele>74.59999847412109375</ele>
        <time>2026-09-26T20:19:06.000Z</time>
        <extensions>
          <ns3:TrackPointExtension>
            <ns3:atemp>14.0</ns3:atemp>
            <ns3:hr>142</ns3:hr>
          </ns3:TrackPointExtension>
        </extensions>
      </trkpt>
      <trkpt lat="-36.9229744747281075" lon="174.5012823399156332">
        <ele>74.59999847412109375</ele>
        <time>2026-09-26T20:19:07.000Z</time>
        <extensions>
          <ns3:TrackPointExtension>
            <ns3:atemp>14.0</ns3:atemp>
            <ns3:hr>141</ns3:hr>
          </ns3:TrackPointExtension>
        </extensions>
      </trkpt>
      <trkpt lat="-36.9229654222726822" lon="174.5012073218822479">
        <ele>74.59999847412109375</ele>
        <time>2026-09-26T20:19:08.000Z</time>
        <extensions>
          <ns3:TrackPointExtension>
            <ns3:atemp>14.0</ns3:atemp>
            <ns3:hr>141</ns3:hr>
          </ns3:TrackPointExtension>
        </extensions>
      </trkpt>
      <trkpt lat="-36.9229146279394627" lon="174.5012412685900927">
        <ele>74.40000152587890625</ele>
        <time>2026-09-26T20:19:09.000Z</time>
        <extensions>
          <ns3:TrackPointExtension>
            <ns3:atemp>14.0</ns3:atemp>
            <ns3:hr>141</ns3:hr>
          </ns3:TrackPointExtension>
        </extensions>
      </trkpt>
      <trkpt lat="-36.9228668510913849" lon="174.5012377481907606">
        <ele>74.40000152587890625</ele>
        <time>2026-09-26T20:19:10.000Z</time>
        <extensions>
          <ns3:TrackPointExtension>
            <ns3:atemp>14.0</ns3:atemp>
            <ns3:hr>139</ns3:hr>
          </ns3:TrackPointExtension>
        </extensions>
      </trkpt>
      <trkpt lat="-36.9228555355221033" lon="174.5011965092271566">
        <ele>74.1999969482421875</ele>
        <time>2026-09-26T20:19:11.000Z</time>
        <extensions>
          <ns3:TrackPointExtension>
            <ns3:atemp>14.0</ns3:atemp>
            <ns3:hr>139</ns3:hr>
          </ns3:TrackPointExtension>
        </extensions>
      </trkpt>
      <trkpt lat="-36.9228287972509861" lon="174.5011545158922672">
        <ele>74.1999969482421875</ele>
        <time>2026-09-26T20:19:12.000Z</time>
        <extensions>
          <ns3:TrackPointExtension>
            <ns3:atemp>14.0</ns3:atemp>
            <ns3:hr>139</ns3:hr>
          </ns3:TrackPointExtension>
        </extensions>
      </trkpt>
      <trkpt lat="-36.9228335749357939" lon="174.5011041406542063">
        <ele>74.1999969482421875</ele>
        <time>2026-09-26T20:19:13.000Z</time>
        <extensions>
          <ns3:TrackPointExtension>
            <ns3:atemp>14.0</ns3:atemp>
            <ns3:hr>140</ns3:hr>
          </ns3:TrackPointExtension>
        </extensions>
      </trkpt>
      <trkpt lat="-36.9228172302246094" lon="174.5010598842054605">
        <ele>74.0</ele>
        <time>2026-09-26T20:19:14.000Z</time>
        <extensions>
          <ns3:TrackPointExtension>
            <ns3:atemp>14.0</ns3:atemp>
            <ns3:hr>140</ns3:hr>
          </ns3:TrackPointExtension>
        </extensions>
      </trkpt>
      <trkpt lat="-36.9227907434105873" lon="174.500987883657217">
        <ele>74.0</ele>
        <time>2026-09-26T20:19:15.000Z</time>
        <extensions>
          <ns3:TrackPointExtension>
            <ns3:atemp>14.0</ns3:atemp>
            <ns3:hr>140</ns3:hr>
          </ns3:TrackPointExtension>
        </extensions>
      </trkpt>
      <trkpt lat="-36.9227636698633432" lon="174.5009490754455328">
        <ele>73.8000030517578125</ele>
        <time>2026-09-26T20:19:16.000Z</time>
        <extensions>
          <ns3:TrackPointExtension>
            <ns3:atemp>14.0</ns3:atemp>
            <ns3:hr>141</ns3:hr>
          </ns3:TrackPointExtension>
        </extensions>
      </trkpt>
      <trkpt lat="-36.9227422960102558" lon="174.5008947607129812">
        <ele>73.59999847412109375</ele>
        <time>2026-09-26T20:19:17.000Z</time>
        <extensions>
          <ns3:TrackPointExtension>
            <ns3:atemp>14.0</ns3:atemp>
            <ns3:hr>141</ns3:hr>
          </ns3:TrackPointExtension>
        </extensions>
      </trkpt>
      <trkpt lat="-36.9227465707808733" lon="174.5008527673780918">
        <ele>73.40000152587890625</ele>
        <time>2026-09-26T20:19:18.000Z</time>
        <extensions>
          <ns3:TrackPointExtension>
            <ns3:atemp>14.0</ns3:atemp>
            <ns3:hr>141</ns3:hr>
          </ns3:TrackPointExtension>
        </extensions>
      </trkpt>
      <trkpt lat="-36.9227074272930622" lon="174.5007934235036373">
        <ele>73.40000152587890625</ele>
        <time>2026-09-26T20:19:19.000Z</time>
        <extensions>
          <ns3:TrackPointExtension>
            <ns3:atemp>14.0</ns3:atemp>
            <ns3:hr>140</ns3:hr>
          </ns3:TrackPointExtension>
        </extensions>
      </trkpt>
      <trkpt lat="-36.9226878136396408" lon="174.5007883105427027">
        <ele>73.59999847412109375</ele>
        <time>2026-09-26T20:19:20.000Z</time>
        <extensions>
          <ns3:TrackPointExtension>
            <ns3:atemp>14.0</ns3:atemp>
            <ns3:hr>140</ns3:hr>
          </ns3:TrackPointExtension>
        </extensions>
      </trkpt>
      <trkpt lat="-36.9226586446166039" lon="174.500714298337698">
        <ele>73.1999969482421875</ele>
        <time>2026-09-26T20:19:21.000Z</time>
        <extensions>
          <ns3:TrackPointExtension>
            <ns3:atemp>14.0</ns3:atemp>
            <ns3:hr>140</ns3:hr>
          </ns3:TrackPointExtension>
        </extensions>
      </trkpt>
      <trkpt lat="-36.9226350076496601" lon="174.500628300011158">
        <ele>73.1999969482421875</ele>
        <time>2026-09-26T20:19:22.000Z</time>
        <extensions>
          <ns3:TrackPointExtension>
            <ns3:atemp>14.0</ns3:atemp>
            <ns3:hr>140</ns3:hr>
          </ns3:TrackPointExtension>
        </extensions>
      </trkpt>
      <trkpt lat="-36.9226455688476562" lon="174.5006299763917923">
        <ele>73.0</ele>
        <time>2026-09-26T20:19:23.000Z</time>
        <extensions>
          <ns3:TrackPointExtension>
            <ns3:atemp>14.0</ns3:atemp>
            <ns3:hr>141</ns3:hr>
          </ns3:TrackPointExtension>
        </extensions>
      </trkpt>
      <trkpt lat="-36.9226012285798788" lon="174.5005568023771048">
        <ele>73.0</ele>
        <time>2026-09-26T20:19:24.000Z</time>
        <extensions>
          <ns3:TrackPointExtension>
            <ns3:atemp>14.0</ns3:atemp>
            <ns3:hr>141</ns3:hr>
          </ns3:TrackPointExtension>
        </extensions>
      </trkpt>
      <trkpt lat="-36.9225757475942373" lon="174.5005531143397093">
        <ele>73.0</ele>
        <time>2026-09-26T20:19:25.000Z</time>
        <extensions>
          <ns3:TrackPointExtension>
            <ns3:atemp>14.0</ns3:atemp>
            <ns3:hr>141</ns3:hr>
          </ns3:TrackPointExtension>
        </extensions>
      </trkpt>
      <trkpt lat="-36.9225677847862244" lon="174.5004813652485609">
        <ele>72.59999847412109375</ele>
        <time>2026-09-26T20:19:26.000Z</time>
        <extensions>
          <ns3:TrackPointExtension>
            <ns3:atemp>14.0</ns3:atemp>
            <ns3:hr>140</ns3:hr>
          </ns3:TrackPointExtension>
        </extensions>
      </trkpt>
      <trkpt lat="-36.9225640967488289" lon="174.5004288945347071">
        <ele>72.59999847412109375</ele>
        <time>2026-09-26T20:19:27.000Z</time>
        <extensions>
          <ns3:TrackPointExtension>
            <ns3:atemp>14.0</ns3:atemp>
            <ns3:hr>138</ns3:hr>
          </ns3:TrackPointExtension>
        </extensions>
      </trkpt>
      <trkpt lat="-36.9225532840937376" lon="174.5003734901547432">
        <ele>72.59999847412109375</ele>
        <time>2026-09-26T20:19:28.000Z</time>
        <extensions>
          <ns3:TrackPointExtension>
            <ns3:atemp>14.0</ns3:atemp>
            <ns3:hr>138</ns3:hr>
          </ns3:TrackPointExtension>
        </extensions>
      </trkpt>
      <trkpt lat="-36.9225226901471615" lon="174.5003391243517399">
        <ele>72.40000152587890625</ele>
        <time>2026-09-26T20:19:29.000Z</time>
        <extensions>
          <ns3:TrackPointExtension>
            <ns3:atemp>14.0</ns3:atemp>
            <ns3:hr>140</ns3:hr>
          </ns3:TrackPointExtension>
        </extensions>
      </trkpt>
      <trkpt lat="-36.9225330837070942" lon="174.5002796966582537">
        <ele>72.59999847412109375</ele>
        <time>2026-09-26T20:19:30.000Z</time>
        <extensions>
          <ns3:TrackPointExtension>
            <ns3:atemp>14.0</ns3:atemp>
            <ns3:hr>140</ns3:hr>
          </ns3:TrackPointExtension>
        </extensions>
      </trkpt>
      <trkpt lat="-36.9225237797945738" lon="174.5002231188118458">
        <ele>72.1999969482421875</ele>
        <time>2026-09-26T20:19:31.000Z</time>
        <extensions>
          <ns3:TrackPointExtension>
            <ns3:atemp>14.0</ns3:atemp>
            <ns3:hr>141</ns3:hr>
          </ns3:TrackPointExtension>
        </extensions>
      </trkpt>
      <trkpt lat="-36.9225165713578463" lon="174.5001806225627661">
        <ele>72.1999969482421875</ele>
        <time>2026-09-26T20:19:32.000Z</time>
        <extensions>
          <ns3:TrackPointExtension>
            <ns3:atemp>14.0</ns3:atemp>
            <ns3:hr>142</ns3:hr>
          </ns3:TrackPointExtension>
        </extensions>
      </trkpt>
      <trkpt lat="-36.9225066807121038" lon="174.5001287385821342">
        <ele>72.1999969482421875</ele>
        <time>2026-09-26T20:19:33.000Z</time>
        <extensions>
          <ns3:TrackPointExtension>
            <ns3:atemp>14.0</ns3:atemp>
            <ns3:hr>142</ns3:hr>
          </ns3:TrackPointExtension>
        </extensions>
      </trkpt>
      <trkpt lat="-36.9225249532610178" lon="174.5000491943210363">
        <ele>72.1999969482421875</ele>
        <time>2026-09-26T20:19:34.000Z</time>
        <extensions>
          <ns3:TrackPointExtension>
            <ns3:atemp>14.0</ns3:atemp>
            <ns3:hr>143</ns3:hr>
          </ns3:TrackPointExtension>
        </extensions>
      </trkpt>
      <trkpt lat="-36.9225016515702009" lon="174.5000329334288836">
        <ele>72.0</ele>
        <time>2026-09-26T20:19:35.000Z</time>
        <extensions>
          <ns3:TrackPointExtension>
            <ns3:atemp>14.0</ns3:atemp>
            <ns3:hr>142</ns3:hr>
          </ns3:TrackPointExtension>
        </extensions>
      </trkpt>
    </trkseg>
  </trk>
</gpx>
