<?xml version="1.0" encoding="UTF-8"?>
<gpx creator="Garmin Connect" version="1.1"
  xsi:schemaLocation="http://www.topografix.com/GPX/1/1 http://www.topografix.com/GPX/11.xsd"
  xmlns:ns3="http://www.garmin.com/xmlschemas/TrackPointExtension/v1"
  xmlns="http://www.topografix.com/GPX/1/1"
  xmlns:xsi="http://www.w3.org/2001/XMLSchema-instance" xmlns:ns2="http://www.garmin.com/xmlschemas/GpxExtensions/v3">
  <metadata>
    <link href="connect.garmin.com">
      <text>Garmin Connect</text>
    </link>
    <time>2026-09-30T21:34:51.000Z</time>
  </metadata>
  <trk>
    <name>Queenstown Mountain Biking</name>
    <type>mountain_biking</type>
    <trkseg>
      <trkpt lat="-45.0279083847999573" lon="168.6445282492786646">
        <ele>791.79998779296875</ele>
        <time>2026-09-30T21:34:51.000Z</time>
        <extensions>
          <ns3:TrackPointExtension>
            <ns3:atemp>9.0</ns3:atemp>
            <ns3:hr>108</ns3:hr>
          </ns3:TrackPointExtension>
        </extensions>
      </trkpt>
      <trkpt lat="-45.0278845801949501" lon="168.6445150896906853">
        <ele>792.0</ele>
        <time>2026-09-30T21:34:52.000Z</time>
        <extensions>
          <ns3:TrackPointExtension>
            <ns3:atemp>9.0</ns3:atemp>
            <ns3:hr>108</ns3:hr>
          </ns3:TrackPointExtension>
        </extensions>
      </trkpt>
      <trkpt lat="-45.0279291719198227" lon="168.6445264890789986">
        <ele>792.0</ele>
        <time>2026-09-30T21:34:53.000Z</time>
        <extensions>
          <ns3:TrackPointExtension>
            <ns3:atemp>9.0</ns3:atemp>
            <ns3:hr>108</ns3:hr>
          </ns3:TrackPointExtension>
        </extensions>
      </trkpt>
      <trkpt lat="-45.0279168505221605" lon="168.6445152573287487">
        <ele>792.0</ele>
        <time>2026-09-30T21:34:54.000Z</time>
        <extensions>
          <ns3:TrackPointExtension>
            <ns3:atemp>9.0</ns3:atemp>
            <ns3:hr>107</ns3:hr>
          </ns3:TrackPointExtension>
        </extensions>
      </trkpt>
      <trkpt lat="-45.027919365093112" lon="168.6445200350135565">
        <ele>792.0</ele>
        <time>2026-09-30T21:34:55.000Z</time>
        <extensions>
          <ns3:TrackPointExtension>
            <ns3:atemp>9.0</ns3:atemp>
            <ns3:hr>106</ns3:hr>
          </ns3:TrackPointExtension>
        </extensions>
      </trkpt>
      <trkpt lat="-45.0279375538229942" lon="168.6445036064833403">
        <ele>791.79998779296875</ele>
        <time>2026-09-30T21:34:56.000Z</time>
        <extensions>
          <ns3:TrackPointExtension>
            <ns3:atemp>9.0</ns3:atemp>
            <ns3:hr>106</ns3:hr>
          </ns3:TrackPointExtension>
        </extensions>
      </trkpt>
      <trkpt lat="-45.027928501367569" lon="168.6445103958249092">
        <ele>792.0</ele>
        <time>2026-09-30T21:34:57.000Z</time>
        <extensions>
          <ns3:TrackPointExtension>
            <ns3:atemp>9.0</ns3:atemp>
            <ns3:hr>106</ns3:hr>
          </ns3:TrackPointExtension>
        </extensions>
      </trkpt>
      <trkpt lat="-45.0279098935425282" lon="168.6445040255784988">
        <ele>791.79998779296875</ele>
        <time>2026-09-30T21:34:58.000Z</time>
        <extensions>
          <ns3:TrackPointExtension>
            <ns3:atemp>9.0</ns3:atemp>
            <ns3:hr>106</ns3:hr>
          </ns3:TrackPointExtension>
        </extensions>
      </trkpt>
      <trkpt lat="-45.0279196165502071" lon="168.6445191130042076">
        <ele>792.0</ele>
        <time>2026-09-30T21:34:59.000Z</time>
        <extensions>
          <ns3:TrackPointExtension>
            <ns3:atemp>9.0</ns3:atemp>
            <ns3:hr>107</ns3:hr>
          </ns3:TrackPointExtension>
        </extensions>
      </trkpt>
      <trkpt lat="-45.0278995838016272" lon="168.644527830183506">
        <ele>791.79998779296875</ele>
        <time>2026-09-30T21:35:00.000Z</time>
        <extensions>
          <ns3:TrackPointExtension>
            <ns3:atemp>9.0</ns3:atemp>
            <ns3:hr>107</ns3:hr>
          </ns3:TrackPointExtension>
        </extensions>
      </trkpt>
      <trkpt lat="-45.0279097259044647" lon="168.644535792991519">
        <ele>792.0</ele>
        <time>2026-09-30T21:35:01.000Z</time>
        <extensions>
          <ns3:TrackPointExtension>
            <ns3:atemp>9.0</ns3:atemp>
            <ns3:hr>106</ns3:hr>
          </ns3:TrackPointExtension>
        </extensions>
      </trkpt>
      <trkpt lat="-45.0279142521321774" lon="168.6445171013474464">
        <ele>792.0</ele>
        <time>2026-09-30T21:35:02.000Z</time>
        <extensions>
          <ns3:TrackPointExtension>
            <ns3:atemp>9.0</ns3:atemp>
            <ns3:hr>106</ns3:hr>
          </ns3:TrackPointExtension>
        </extensions>
      </trkpt>
      <trkpt lat="-45.0279033556580544" lon="168.6444915365427732">
        <ele>792.0</ele>
        <time>2026-09-30T21:35:03.000Z</time>
        <extensions>
          <ns3:TrackPointExtension>
            <ns3:atemp>9.0</ns3:atemp>
            <ns3:hr>106</ns3:hr>
          </ns3:TrackPointExtension>
        </extensions>
      </trkpt>
      <trkpt lat="-45.0279142521321774" lon="168.6445159278810024">
        <ele>792.0</ele>
        <time>2026-09-30T21:35:04.000Z</time>
        <extensions>
          <ns3:TrackPointExtension>
            <ns3:atemp>9.0</ns3:atemp>
            <ns3:hr>106</ns3:hr>
          </ns3:TrackPointExtension>
        </extensions>
      </trkpt>
      <trkpt lat="-45.0279144197702408" lon="168.6444886028766632">
        <ele>792.0</ele>
        <time>2026-09-30T21:35:05.000Z</time>
        <extensions>
          <ns3:TrackPointExtension>
            <ns3:atemp>9.0</ns3:atemp>
            <ns3:hr>105</ns3:hr>
          </ns3:TrackPointExtension>
        </extensions>
      </trkpt>
      <trkpt lat="-45.0279336981475353" lon="168.6445321049541235">
        <ele>791.79998779296875</ele>
        <time>2026-09-30T21:35:06.000Z</time>
        <extensions>
          <ns3:TrackPointExtension>
            <ns3:atemp>9.0</ns3:atemp>
            <ns3:hr>105</ns3:hr>
          </ns3:TrackPointExtension>
        </extensions>
      </trkpt>
      <trkpt lat="-45.0279073789715767" lon="168.6445083003491163">
        <ele>792.0</ele>
        <time>2026-09-30T21:35:07.000Z</time>
        <extensions>
          <ns3:TrackPointExtension>
            <ns3:atemp>9.0</ns3:atemp>
            <ns3:hr>104</ns3:hr>
          </ns3:TrackPointExtension>
        </extensions>
      </trkpt>
      <trkpt lat="-45.0278927106410265" lon="168.6445095576345921">
        <ele>792.0</ele>
        <time>2026-09-30T21:35:08.000Z</time>
        <extensions>
          <ns3:TrackPointExtension>
            <ns3:atemp>9.0</ns3:atemp>
            <ns3:hr>103</ns3:hr>
          </ns3:TrackPointExtension>
        </extensions>
      </trkpt>
      <trkpt lat="-45.0278989970684052" lon="168.6444955598562956">
        <ele>792.0</ele>
        <time>2026-09-30T21:35:09.000Z</time>
        <extensions>
          <ns3:TrackPointExtension>
            <ns3:atemp>9.0</ns3:atemp>
            <ns3:hr>102</ns3:hr>
          </ns3:TrackPointExtension>
        </extensions>
      </trkpt>
      <trkpt lat="-45.0279151741415262" lon="168.6445331107825041">
        <ele>792.0</ele>
        <time>2026-09-30T21:35:10.000Z</time>
        <extensions>
          <ns3:TrackPointExtension>
            <ns3:atemp>9.0</ns3:atemp>
            <ns3:hr>101</ns3:hr>
          </ns3:TrackPointExtension>
        </extensions>
      </trkpt>
      <trkpt lat="-45.0279529765248299" lon="168.6445568315684795">
        <ele>791.79998779296875</ele>
        <time>2026-09-30T21:35:11.000Z</time>
        <extensions>
          <ns3:TrackPointExtension>
            <ns3:atemp>9.0</ns3:atemp>
            <ns3:hr>105</ns3:hr>
          </ns3:TrackPointExtension>
        </extensions>
      </trkpt>
      <trkpt lat="-45.0280105601996183" lon="168.6445187777280807">
        <ele>791.5999755859375</ele>
        <time>2026-09-30T21:35:12.000Z</time>
        <extensions>
          <ns3:TrackPointExtension>
            <ns3:atemp>9.0</ns3:atemp>
            <ns3:hr>107</ns3:hr>
          </ns3:TrackPointExtension>
        </extensions>
      </trkpt>
      <trkpt lat="-45.0280753523111343" lon="168.6445507127791643">
        <ele>791.4000244140625</ele>
        <time>2026-09-30T21:35:13.000Z</time>
        <extensions>
          <ns3:TrackPointExtension>
            <ns3:atemp>9.0</ns3:atemp>
            <ns3:hr>111</ns3:hr>
          </ns3:TrackPointExtension>
        </extensions>
      </trkpt>
      <trkpt lat="-45.0281140767037868" lon="168.6445733439177275">
        <ele>791.0</ele>
        <time>2026-09-30T21:35:14.000Z</time>
        <extensions>
          <ns3:TrackPointExtension>
            <ns3:atemp>8.0</ns3:atemp>
            <ns3:hr>112</ns3:hr>
          </ns3:TrackPointExtension>
        </extensions>
      </trkpt>
      <trkpt lat="-45.0281566567718983" lon="168.6445858329534531">
        <ele>790.79998779296875</ele>
        <time>2026-09-30T21:35:15.000Z</time>
        <extensions>
          <ns3:TrackPointExtension>
            <ns3:atemp>8.0</ns3:atemp>
            <ns3:hr>115</ns3:hr>
          </ns3:TrackPointExtension>
        </extensions>
      </trkpt>
      <trkpt lat="-45.0282220356166363" lon="168.6445862520486116">
        <ele>790.5999755859375</ele>
        <time>2026-09-30T21:35:16.000Z</time>
        <extensions>
          <ns3:TrackPointExtension>
            <ns3:atemp>8.0</ns3:atemp>
            <ns3:hr>116</ns3:hr>
          </ns3:TrackPointExtension>
        </extensions>
      </trkpt>
      <trkpt lat="-45.0282346922904253" lon="168.6445775348693132">
        <ele>790.20001220703125</ele>
        <time>2026-09-30T21:35:17.000Z</time>
        <extensions>
          <ns3:TrackPointExtension>
            <ns3:atemp>8.0</ns3:atemp>
            <ns3:hr>117</ns3:hr>
          </ns3:TrackPointExtension>
        </extensions>
      </trkpt>
      <trkpt lat="-45.0282813794910908" lon="168.6445797979831696">
        <ele>790.4000244140625</ele>
        <time>2026-09-30T21:35:18.000Z</time>
        <extensions>
          <ns3:TrackPointExtension>
            <ns3:atemp>8.0</ns3:atemp>
            <ns3:hr>119</ns3:hr>
          </ns3:TrackPointExtension>
        </extensions>
      </trkpt>
      <trkpt lat="-45.0283309165388346" lon="168.6445818934589624">
        <ele>790.20001220703125</ele>
        <time>2026-09-30T21:35:19.000Z</time>
        <extensions>
          <ns3:TrackPointExtension>
            <ns3:atemp>8.0</ns3:atemp>
            <ns3:hr>119</ns3:hr>
          </ns3:TrackPointExtension>
        </extensions>
      </trkpt>
      <trkpt lat="-45.0283603370189667" lon="168.6445802170783281">
        <ele>789.79998779296875</ele>
        <time>2026-09-30T21:35:20.000Z</time>
        <extensions>
          <ns3:TrackPointExtension>
            <ns3:atemp>8.0</ns3:atemp>
            <ns3:hr>120</ns3:hr>
          </ns3:TrackPointExtension>
        </extensions>
      </trkpt>
      <trkpt lat="-45.0284307450056076" lon="168.6445862520486116">
        <ele>789.5999755859375</ele>
        <time>2026-09-30T21:35:21.000Z</time>
        <extensions>
          <ns3:TrackPointExtension>
            <ns3:atemp>8.0</ns3:atemp>
            <ns3:hr>120</ns3:hr>
          </ns3:TrackPointExtension>
        </extensions>
      </trkpt>
      <trkpt lat="-45.0284685473889112" lon="168.6446044407784939">
        <ele>789.4000244140625</ele>
        <time>2026-09-30T21:35:22.000Z</time>
        <extensions>
          <ns3:TrackPointExtension>
            <ns3:atemp>8.0</ns3:atemp>
            <ns3:hr>121</ns3:hr>
          </ns3:TrackPointExtension>
        </extensions>
      </trkpt>
      <trkpt lat="-45.0285216886550188" lon="168.6445962265133858">
        <ele>789.20001220703125</ele>
        <time>2026-09-30T21:35:23.000Z</time>
        <extensions>
          <ns3:TrackPointExtension>
            <ns3:atemp>8.0</ns3:atemp>
            <ns3:hr>122</ns3:hr>
          </ns3:TrackPointExtension>
        </extensions>
      </trkpt>
      <trkpt lat="-45.0285782665014267" lon="168.6445701587945223">
        <ele>789.20001220703125</ele>
        <time>2026-09-30T21:35:24.000Z</time>
        <extensions>
          <ns3:TrackPointExtension>
            <ns3:atemp>8.0</ns3:atemp>
            <ns3:hr>123</ns3:hr>
          </ns3:TrackPointExtension>
        </extensions>
      </trkpt>
      <trkpt lat="-45.0286286417394876" lon="168.6445958912372589">
        <ele>788.79998779296875</ele>
        <time>2026-09-30T21:35:25.000Z</time>
        <extensions>
          <ns3:TrackPointExtension>
            <ns3:atemp>8.0</ns3:atemp>
            <ns3:hr>125</ns3:hr>
          </ns3:TrackPointExtension>
        </extensions>
      </trkpt>
      <trkpt lat="-45.0286602415144444" lon="168.6446340288966894">
        <ele>789.0</ele>
        <time>2026-09-30T21:35:26.000Z</time>
        <extensions>
          <ns3:TrackPointExtension>
            <ns3:atemp>8.0</ns3:atemp>
            <ns3:hr>126</ns3:hr>
          </ns3:TrackPointExtension>
        </extensions>
      </trkpt>
      <trkpt lat="-45.0287121254950762" lon="168.6445919517427683">
        <ele>788.5999755859375</ele>
        <time>2026-09-30T21:35:27.000Z</time>
        <extensions>
          <ns3:TrackPointExtension>
            <ns3:atemp>8.0</ns3:atemp>
            <ns3:hr>128</ns3:hr>
          </ns3:TrackPointExtension>
        </extensions>
      </trkpt>
      <trkpt lat="-45.0287443120032549" lon="168.644620617851615">
        <ele>788.4000244140625</ele>
        <time>2026-09-30T21:35:28.000Z</time>
        <extensions>
          <ns3:TrackPointExtension>
            <ns3:atemp>8.0</ns3:atemp>
            <ns3:hr>129</ns3:hr>
          </ns3:TrackPointExtension>
        </extensions>
      </trkpt>
      <trkpt lat="-45.0288094393908978" lon="168.6446080449968576">
        <ele>788.20001220703125</ele>
        <time>2026-09-30T21:35:29.000Z</time>
        <extensions>
          <ns3:TrackPointExtension>
            <ns3:atemp>8.0</ns3:atemp>
            <ns3:hr>128</ns3:hr>
          </ns3:TrackPointExtension>
        </extensions>
      </trkpt>
      <trkpt lat="-45.0288485828787088" lon="168.6446314305067062">
        <ele>788.0</ele>
        <time>2026-09-30T21:35:30.000Z</time>
        <extensions>
          <ns3:TrackPointExtension>
            <ns3:atemp>8.0</ns3:atemp>
            <ns3:hr>129</ns3:hr>
          </ns3:TrackPointExtension>
        </extensions>
      </trkpt>
      <trkpt lat="-45.0289301387965679" lon="168.6446222942322493">
        <ele>787.79998779296875</ele>
        <time>2026-09-30T21:35:31.000Z</time>
        <extensions>
          <ns3:TrackPointExtension>
            <ns3:atemp>8.0</ns3:atemp>
            <ns3:hr>130</ns3:hr>
          </ns3:TrackPointExtension>
        </extensions>
      </trkpt>
      <trkpt lat="-45.0289521832019091" lon="168.6446220427751541">
        <ele>787.4000244140625</ele>
        <time>2026-09-30T21:35:32.000Z</time>
        <extensions>
          <ns3:TrackPointExtension>
            <ns3:atemp>8.0</ns3:atemp>
            <ns3:hr>130</ns3:hr>
          </ns3:TrackPointExtension>
        </extensions>
      </trkpt>
      <trkpt lat="-45.0289858784526587" lon="168.6446414887905121">
        <ele>787.4000244140625</ele>
        <time>2026-09-30T21:35:33.000Z</time>
        <extensions>
          <ns3:TrackPointExtension>
            <ns3:atemp>8.0</ns3:atemp>
            <ns3:hr>131</ns3:hr>
          </ns3:TrackPointExtension>
        </extensions>
      </trkpt>
      <trkpt lat="-45.029047317802906" lon="168.6446790397167206">
        <ele>786.5999755859375</ele>
        <time>2026-09-30T21:35:34.000Z</time>
        <extensions>
          <ns3:TrackPointExtension>
            <ns3:atemp>8.0</ns3:atemp>
            <ns3:hr>131</ns3:hr>
          </ns3:TrackPointExtension>
        </extensions>
      </trkpt>
      <trkpt lat="-45.0290973577648401" lon="168.6446925345808268">
        <ele>785.79998779296875</ele>
        <time>2026-09-30T21:35:35.000Z</time>
        <extensions>
          <ns3:TrackPointExtension>
            <ns3:atemp>8.0</ns3:atemp>
            <ns3:hr>133</ns3:hr>
          </ns3:TrackPointExtension>
        </extensions>
      </trkpt>
      <trkpt lat="-45.029199281707406" lon="168.6446851585060358">
        <ele>785.20001220703125</ele>
        <time>2026-09-30T21:35:36.000Z</time>
        <extensions>
          <ns3:TrackPointExtension>
            <ns3:atemp>8.0</ns3:atemp>
            <ns3:hr>134</ns3:hr>
          </ns3:TrackPointExtension>
        </extensions>
      </trkpt>
      <trkpt lat="-45.0292582903057337" lon="168.6446717474609613">
        <ele>784.20001220703125</ele>
        <time>2026-09-30T21:35:37.000Z</time>
        <extensions>
          <ns3:TrackPointExtension>
            <ns3:atemp>8.0</ns3:atemp>
            <ns3:hr>134</ns3:hr>
          </ns3:TrackPointExtension>
        </extensions>
      </trkpt>
      <trkpt lat="-45.0293345656245947" lon="168.6446813866496086">
        <ele>783.4000244140625</ele>
        <time>2026-09-30T21:35:38.000Z</time>
        <extensions>
          <ns3:TrackPointExtension>
            <ns3:atemp>8.0</ns3:atemp>
            <ns3:hr>134</ns3:hr>
          </ns3:TrackPointExtension>
        </extensions>
      </trkpt>
      <trkpt lat="-45.0293835997581482" lon="168.6446935404092073">
        <ele>782.4000244140625</ele>
        <time>2026-09-30T21:35:39.000Z</time>
        <extensions>
          <ns3:TrackPointExtension>
            <ns3:atemp>8.0</ns3:atemp>
            <ns3:hr>135</ns3:hr>
          </ns3:TrackPointExtension>
        </extensions>
      </trkpt>
      <trkpt lat="-45.0294423568993807" lon="168.6447367072105408">
        <ele>781.79998779296875</ele>
        <time>2026-09-30T21:35:40.000Z</time>
        <extensions>
          <ns3:TrackPointExtension>
            <ns3:atemp>8.0</ns3:atemp>
            <ns3:hr>136</ns3:hr>
          </ns3:TrackPointExtension>
        </extensions>
      </trkpt>
      <trkpt lat="-45.0295301992446184" lon="168.6447444185614586">
        <ele>780.79998779296875</ele>
        <time>2026-09-30T21:35:41.000Z</time>
        <extensions>
          <ns3:TrackPointExtension>
            <ns3:atemp>8.0</ns3:atemp>
            <ns3:hr>137</ns3:hr>
          </ns3:TrackPointExtension>
        </extensions>
      </trkpt>
      <trkpt lat="-45.0295809935778379" lon="168.6447398085147142">
        <ele>780.0</ele>
        <time>2026-09-30T21:35:42.000Z</time>
        <extensions>
          <ns3:TrackPointExtension>
            <ns3:atemp>8.0</ns3:atemp>
            <ns3:hr>138</ns3:hr>
          </ns3:TrackPointExtension>
        </extensions>
      </trkpt>
      <trkpt lat="-45.029641343280673" lon="168.6447637807577848">
        <ele>779.20001220703125</ele>
        <time>2026-09-30T21:35:43.000Z</time>
        <extensions>
          <ns3:TrackPointExtension>
            <ns3:atemp>8.0</ns3:atemp>
            <ns3:hr>138</ns3:hr>
          </ns3:TrackPointExtension>
        </extensions>
      </trkpt>
      <trkpt lat="-45.0297150202095509" lon="168.6447500344365835">
        <ele>778.5999755859375</ele>
        <time>2026-09-30T21:35:44.000Z</time>
        <extensions>
          <ns3:TrackPointExtension>
            <ns3:atemp>8.0</ns3:atemp>
            <ns3:hr>139</ns3:hr>
          </ns3:TrackPointExtension>
        </extensions>
      </trkpt>
      <trkpt lat="-45.0297640543431044" lon="168.6447648704051971">
        <ele>777.5999755859375</ele>
        <time>2026-09-30T21:35:45.000Z</time>
        <extensions>
          <ns3:TrackPointExtension>
            <ns3:atemp>8.0</ns3:atemp>
            <ns3:hr>140</ns3:hr>
          </ns3:TrackPointExtension>
        </extensions>
      </trkpt>
      <trkpt lat="-45.0298329535871744" lon="168.6447781976312399">
        <ele>776.79998779296875</ele>
        <time>2026-09-30T21:35:46.000Z</time>
        <extensions>
          <ns3:TrackPointExtension>
            <ns3:atemp>8.0</ns3:atemp>
            <ns3:hr>141</ns3:hr>
          </ns3:TrackPointExtension>
        </extensions>
      </trkpt>
      <trkpt lat="-45.029901098459959" lon="168.6448014155030251">
        <ele>775.79998779296875</ele>
        <time>2026-09-30T21:35:47.000Z</time>
        <extensions>
          <ns3:TrackPointExtension>
            <ns3:atemp>8.0</ns3:atemp>
            <ns3:hr>141</ns3:hr>
          </ns3:TrackPointExtension>
        </extensions>
      </trkpt>
      <trkpt lat="-45.0299558322876692" lon="168.6448295786976814">
        <ele>775.0</ele>
        <time>2026-09-30T21:35:48.000Z</time>
        <extensions>
          <ns3:TrackPointExtension>
            <ns3:atemp>8.0</ns3:atemp>
            <ns3:hr>141</ns3:hr>
          </ns3:TrackPointExtension>
        </extensions>
      </trkpt>
      <trkpt lat="-45.0300471112132072" lon="168.6448573227971792">
        <ele>774.20001220703125</ele>
        <time>2026-09-30T21:35:49.000Z</time>
        <extensions>
          <ns3:TrackPointExtension>
            <ns3:atemp>8.0</ns3:atemp>
            <ns3:hr>140</ns3:hr>
          </ns3:TrackPointExtension>
        </extensions>
      </trkpt>
      <trkpt lat="-45.0300882663577795" lon="168.6448305007070303">
        <ele>773.4000244140625</ele>
        <time>2026-09-30T21:35:50.000Z</time>
        <extensions>
          <ns3:TrackPointExtension>
            <ns3:atemp>8.0</ns3:atemp>
            <ns3:hr>141</ns3:hr>
          </ns3:TrackPointExtension>
        </extensions>
      </trkpt>
      <trkpt lat="-45.0301586743444204" lon="168.6448688898235559">
        <ele>772.4000244140625</ele>
        <time>2026-09-30T21:35:51.000Z</time>
        <extensions>
          <ns3:TrackPointExtension>
            <ns3:atemp>8.0</ns3:atemp>
            <ns3:hr>142</ns3:hr>
          </ns3:TrackPointExtension>
        </extensions>
      </trkpt>
      <trkpt lat="-45.0302502885460854" lon="168.6449042614549398">
        <ele>771.5999755859375</ele>
        <time>2026-09-30T21:35:52.000Z</time>
        <extensions>
          <ns3:TrackPointExtension>
            <ns3:atemp>8.0</ns3:atemp>
            <ns3:hr>141</ns3:hr>
          </ns3:TrackPointExtension>
        </extensions>
      </trkpt>
      <trkpt lat="-45.0303230434656143" lon="168.6448992323130369">
        <ele>770.5999755859375</ele>
        <time>2026-09-30T21:35:53.000Z</time>
        <extensions>
          <ns3:TrackPointExtension>
            <ns3:atemp>8.0</ns3:atemp>
            <ns3:hr>142</ns3:hr>
          </ns3:TrackPointExtension>
        </extensions>
      </trkpt>
      <trkpt lat="-45.0303731672465801" lon="168.6449184268712997">
        <ele>769.79998779296875</ele>
        <time>2026-09-30T21:35:54.000Z</time>
        <extensions>
          <ns3:TrackPointExtension>
            <ns3:atemp>8.0</ns3:atemp>
            <ns3:hr>142</ns3:hr>
          </ns3:TrackPointExtension>
        </extensions>
      </trkpt>
      <trkpt lat="-45.0304267276078463" lon="168.6448891740292311">
        <ele>769.0</ele>
        <time>2026-09-30T21:35:55.000Z</time>
        <extensions>
          <ns3:TrackPointExtension>
            <ns3:atemp>8.0</ns3:atemp>
            <ns3:hr>141</ns3:hr>
          </ns3:TrackPointExtension>
        </extensions>
      </trkpt>
      <trkpt lat="-45.0305190123617649" lon="168.6449185945093632">
        <ele>768.20001220703125</ele>
        <time>2026-09-30T21:35:56.000Z</time>
        <extensions>
          <ns3:TrackPointExtension>
            <ns3:atemp>8.0</ns3:atemp>
            <ns3:hr>142</ns3:hr>
          </ns3:TrackPointExtension>
        </extensions>
      </trkpt>
      <trkpt lat="-45.0305621791630983" lon="168.6449931934475899">
        <ele>767.4000244140625</ele>
        <time>2026-09-30T21:35:57.000Z</time>
        <extensions>
          <ns3:TrackPointExtension>
            <ns3:atemp>8.0</ns3:atemp>
            <ns3:hr>142</ns3:hr>
          </ns3:TrackPointExtension>
        </extensions>
      </trkpt>
      <trkpt lat="-45.0306092854589224" lon="168.6450257152318954">
        <ele>766.4000244140625</ele>
        <time>2026-09-30T21:35:58.000Z</time>
        <extensions>
          <ns3:TrackPointExtension>
            <ns3:atemp>8.0</ns3:atemp>
            <ns3:hr>141</ns3:hr>
          </ns3:TrackPointExtension>
        </extensions>
      </trkpt>
      <trkpt lat="-45.030601155012846" lon="168.6451335903257132">
        <ele>765.5999755859375</ele>
        <time>2026-09-30T21:35:59.000Z</time>
        <extensions>
          <ns3:TrackPointExtension>
            <ns3:atemp>8.0</ns3:atemp>
            <ns3:hr>142</ns3:hr>
          </ns3:TrackPointExtension>
        </extensions>
      </trkpt>
      <trkpt lat="-45.0305780209600925" lon="168.6452203430235386">
        <ele>764.5999755859375</ele>
        <time>2026-09-30T21:36:00.000Z</time>
        <extensions>
          <ns3:TrackPointExtension>
            <ns3:atemp>8.0</ns3:atemp>
            <ns3:hr>143</ns3:hr>
          </ns3:TrackPointExtension>
        </extensions>
      </trkpt>
      <trkpt lat="-45.0305332615971565" lon="168.6452985461801291">
        <ele>763.79998779296875</ele>
        <time>2026-09-30T21:36:01.000Z</time>
        <extensions>
          <ns3:TrackPointExtension>
            <ns3:atemp>8.0</ns3:atemp>
            <ns3:hr>142</ns3:hr>
          </ns3:TrackPointExtension>
        </extensions>
      </trkpt>
      <trkpt lat="-45.030506607145071" lon="168.6453616619110107">
        <ele>762.79998779296875</ele>
        <time>2026-09-30T21:36:02.000Z</time>
        <extensions>
          <ns3:TrackPointExtension>
            <ns3:atemp>8.0</ns3:atemp>
            <ns3:hr>143</ns3:hr>
          </ns3:TrackPointExtension>
        </extensions>
      </trkpt>
      <trkpt lat="-45.0304320082068443" lon="168.645444056019187">
        <ele>762.0</ele>
        <time>2026-09-30T21:36:03.000Z</time>
        <extensions>
          <ns3:TrackPointExtension>
            <ns3:atemp>8.0</ns3:atemp>
            <ns3:hr>142</ns3:hr>
          </ns3:TrackPointExtension>
        </extensions>
      </trkpt>
      <trkpt lat="-45.0303939543664455" lon="168.6454879771918058">
        <ele>761.4000244140625</ele>
        <time>2026-09-30T21:36:04.000Z</time>
        <extensions>
          <ns3:TrackPointExtension>
            <ns3:atemp>8.0</ns3:atemp>
            <ns3:hr>142</ns3:hr>
          </ns3:TrackPointExtension>
        </extensions>
      </trkpt>
      <trkpt lat="-45.0303361192345619" lon="168.6455400288105011">
        <ele>760.4000244140625</ele>
        <time>2026-09-30T21:36:05.000Z</time>
        <extensions>
          <ns3:TrackPointExtension>
            <ns3:atemp>8.0</ns3:atemp>
            <ns3:hr>142</ns3:hr>
          </ns3:TrackPointExtension>
        </extensions>
      </trkpt>
      <trkpt lat="-45.030257161706686" lon="168.6455568764358759">
        <ele>759.5999755859375</ele>
        <time>2026-09-30T21:36:06.000Z</time>
        <extensions>
          <ns3:TrackPointExtension>
            <ns3:atemp>8.0</ns3:atemp>
            <ns3:hr>143</ns3:hr>
          </ns3:TrackPointExtension>
        </extensions>
      </trkpt>
      <trkpt lat="-45.030211815610528" lon="168.6455997079610825">
        <ele>758.79998779296875</ele>
        <time>2026-09-30T21:36:07.000Z</time>
        <extensions>
          <ns3:TrackPointExtension>
            <ns3:atemp>8.0</ns3:atemp>
            <ns3:hr>144</ns3:hr>
          </ns3:TrackPointExtension>
        </extensions>
      </trkpt>
      <trkpt lat="-45.0301807187497616" lon="168.6456255242228508">
        <ele>757.5999755859375</ele>
        <time>2026-09-30T21:36:08.000Z</time>
        <extensions>
          <ns3:TrackPointExtension>
            <ns3:atemp>8.0</ns3:atemp>
            <ns3:hr>144</ns3:hr>
          </ns3:TrackPointExtension>
        </extensions>
      </trkpt>
      <trkpt lat="-45.0301310978829861" lon="168.6456515919417143">
        <ele>756.79998779296875</ele>
        <time>2026-09-30T21:36:09.000Z</time>
        <extensions>
          <ns3:TrackPointExtension>
            <ns3:atemp>8.0</ns3:atemp>
            <ns3:hr>145</ns3:hr>
          </ns3:TrackPointExtension>
        </extensions>
      </trkpt>
      <trkpt lat="-45.0300875958055258" lon="168.6456990335136652">
        <ele>755.79998779296875</ele>
        <time>2026-09-30T21:36:10.000Z</time>
        <extensions>
          <ns3:TrackPointExtension>
            <ns3:atemp>8.0</ns3:atemp>
            <ns3:hr>145</ns3:hr>
          </ns3:TrackPointExtension>
        </extensions>
      </trkpt>
      <trkpt lat="-45.0300165172666311" lon="168.6457056552171707">
        <ele>755.0</ele>
        <time>2026-09-30T21:36:11.000Z</time>
        <extensions>
          <ns3:TrackPointExtension>
            <ns3:atemp>8.0</ns3:atemp>
            <ns3:hr>146</ns3:hr>
          </ns3:TrackPointExtension>
        </extensions>
      </trkpt>
      <trkpt lat="-45.0299666449427605" lon="168.6457218322902918">
        <ele>754.20001220703125</ele>
        <time>2026-09-30T21:36:12.000Z</time>
        <extensions>
          <ns3:TrackPointExtension>
            <ns3:atemp>8.0</ns3:atemp>
            <ns3:hr>146</ns3:hr>
          </ns3:TrackPointExtension>
        </extensions>
      </trkpt>
      <trkpt lat="-45.0299285911023617" lon="168.645741194486618">
        <ele>753.4000244140625</ele>
        <time>2026-09-30T21:36:13.000Z</time>
        <extensions>
          <ns3:TrackPointExtension>
            <ns3:atemp>8.0</ns3:atemp>
            <ns3:hr>145</ns3:hr>
          </ns3:TrackPointExtension>
        </extensions>
      </trkpt>
      <trkpt lat="-45.0298602785915136" lon="168.6457799188792706">
        <ele>752.20001220703125</ele>
        <time>2026-09-30T21:36:14.000Z</time>
        <extensions>
          <ns3:TrackPointExtension>
            <ns3:atemp>8.0</ns3:atemp>
            <ns3:hr>146</ns3:hr>
          </ns3:TrackPointExtension>
        </extensions>
      </trkpt>
      <trkpt lat="-45.0298091489821672" lon="168.6458055675029755">
        <ele>751.20001220703125</ele>
        <time>2026-09-30T21:36:15.000Z</time>
        <extensions>
          <ns3:TrackPointExtension>
            <ns3:atemp>8.0</ns3:atemp>
            <ns3:hr>146</ns3:hr>
          </ns3:TrackPointExtension>
        </extensions>
      </trkpt>
      <trkpt lat="-45.0297807343304157" lon="168.6458084173500538">
        <ele>750.20001220703125</ele>
        <time>2026-09-30T21:36:16.000Z</time>
        <extensions>
          <ns3:TrackPointExtension>
            <ns3:atemp>8.0</ns3:atemp>
            <ns3:hr>147</ns3:hr>
          </ns3:TrackPointExtension>
        </extensions>
      </trkpt>
      <trkpt lat="-45.02971644513309" lon="168.6458639055490494">
        <ele>749.4000244140625</ele>
        <time>2026-09-30T21:36:17.000Z</time>
        <extensions>
          <ns3:TrackPointExtension>
            <ns3:atemp>8.0</ns3:atemp>
            <ns3:hr>147</ns3:hr>
          </ns3:TrackPointExtension>
        </extensions>
      </trkpt>
      <trkpt lat="-45.0296511501073837" lon="168.6458691861480474">
        <ele>748.20001220703125</ele>
        <time>2026-09-30T21:36:18.000Z</time>
        <extensions>
          <ns3:TrackPointExtension>
            <ns3:atemp>8.0</ns3:atemp>
            <ns3:hr>148</ns3:hr>
          </ns3:TrackPointExtension>
        </extensions>
      </trkpt>
      <trkpt lat="-45.0296031218022108" lon="168.6458823457360268">
        <ele>747.4000244140625</ele>
        <time>2026-09-30T21:36:19.000Z</time>
        <extensions>
          <ns3:TrackPointExtension>
            <ns3:atemp>8.0</ns3:atemp>
            <ns3:hr>148</ns3:hr>
          </ns3:TrackPointExtension>
        </extensions>
      </trkpt>
      <trkpt lat="-45.029574204236269" lon="168.6459115147590637">
        <ele>746.4000244140625</ele>
        <time>2026-09-30T21:36:20.000Z</time>
        <extensions>
          <ns3:TrackPointExtension>
            <ns3:atemp>8.0</ns3:atemp>
            <ns3:hr>149</ns3:hr>
          </ns3:TrackPointExtension>
        </extensions>
      </trkpt>
      <trkpt lat="-45.0294960010796785" lon="168.6459288652986288">
        <ele>745.4000244140625</ele>
        <time>2026-09-30T21:36:21.000Z</time>
        <extensions>
          <ns3:TrackPointExtension>
            <ns3:atemp>8.0</ns3:atemp>
            <ns3:hr>150</ns3:hr>
          </ns3:TrackPointExtension>
        </extensions>
      </trkpt>
      <trkpt lat="-45.0294380821287632" lon="168.6459334753453732">
        <ele>744.4000244140625</ele>
        <time>2026-09-30T21:36:22.000Z</time>
        <extensions>
          <ns3:TrackPointExtension>
            <ns3:atemp>8.0</ns3:atemp>
            <ns3:hr>150</ns3:hr>
          </ns3:TrackPointExtension>
        </extensions>
      </trkpt>
      <trkpt lat="-45.0293628964573145" lon="168.6459992732852697">
        <ele>743.4000244140625</ele>
        <time>2026-09-30T21:36:23.000Z</time>
        <extensions>
          <ns3:TrackPointExtension>
            <ns3:atemp>8.0</ns3:atemp>
            <ns3:hr>150</ns3:hr>
          </ns3:TrackPointExtension>
        </extensions>
      </trkpt>
      <trkpt lat="-45.0293304584920406" lon="168.6459936574101448">
        <ele>742.4000244140625</ele>
        <time>2026-09-30T21:36:24.000Z</time>
        <extensions>
          <ns3:TrackPointExtension>
            <ns3:atemp>8.0</ns3:atemp>
            <ns3:hr>151</ns3:hr>
          </ns3:TrackPointExtension>
        </extensions>
      </trkpt>
      <trkpt lat="-45.0292836874723434" lon="168.6460292804986238">
        <ele>741.5999755859375</ele>
        <time>2026-09-30T21:36:25.000Z</time>
        <extensions>
          <ns3:TrackPointExtension>
            <ns3:atemp>8.0</ns3:atemp>
            <ns3:hr>151</ns3:hr>
          </ns3:TrackPointExtension>
        </extensions>
      </trkpt>
      <trkpt lat="-45.0292100105434656" lon="168.646072531118989">
        <ele>740.5999755859375</ele>
        <time>2026-09-30T21:36:26.000Z</time>
        <extensions>
          <ns3:TrackPointExtension>
            <ns3:atemp>8.0</ns3:atemp>
            <ns3:hr>151</ns3:hr>
          </ns3:TrackPointExtension>
        </extensions>
      </trkpt>
      <trkpt lat="-45.0291713699698448" lon="168.6460712738335133">
        <ele>739.79998779296875</ele>
        <time>2026-09-30T21:36:27.000Z</time>
        <extensions>
          <ns3:TrackPointExtension>
            <ns3:atemp>8.0</ns3:atemp>
            <ns3:hr>151</ns3:hr>
          </ns3:TrackPointExtension>
        </extensions>
      </trkpt>
      <trkpt lat="-45.0291449669748545" lon="168.6460750456899405">
        <ele>738.5999755859375</ele>
        <time>2026-09-30T21:36:28.000Z</time>
        <extensions>
          <ns3:TrackPointExtension>
            <ns3:atemp>8.0</ns3:atemp>
            <ns3:hr>152</ns3:hr>
          </ns3:TrackPointExtension>
        </extensions>
      </trkpt>
      <trkpt lat="-45.0290491618216038" lon="168.6461363174021244">
        <ele>737.4000244140625</ele>
        <time>2026-09-30T21:36:29.000Z</time>
        <extensions>
          <ns3:TrackPointExtension>
            <ns3:atemp>8.0</ns3:atemp>
            <ns3:hr>151</ns3:hr>
          </ns3:TrackPointExtension>
        </extensions>
      </trkpt>
      <trkpt lat="-45.0290155503898859" lon="168.64617177285254">
        <ele>736.4000244140625</ele>
        <time>2026-09-30T21:36:30.000Z</time>
        <extensions>
          <ns3:TrackPointExtension>
            <ns3:atemp>8.0</ns3:atemp>
            <ns3:hr>150</ns3:hr>
          </ns3:TrackPointExtension>
        </extensions>
      </trkpt>
      <trkpt lat="-45.0289771612733603" lon="168.6461209785193205">
        <ele>735.4000244140625</ele>
        <time>2026-09-30T21:36:31.000Z</time>
        <extensions>
          <ns3:TrackPointExtension>
            <ns3:atemp>8.0</ns3:atemp>
            <ns3:hr>151</ns3:hr>
          </ns3:TrackPointExtension>
        </extensions>
      </trkpt>
      <trkpt lat="-45.028915386646986" lon="168.6461274325847626">
        <ele>734.5999755859375</ele>
        <time>2026-09-30T21:36:32.000Z</time>
        <extensions>
          <ns3:TrackPointExtension>
            <ns3:atemp>8.0</ns3:atemp>
            <ns3:hr>151</ns3:hr>
          </ns3:TrackPointExtension>
        </extensions>
      </trkpt>
      <trkpt lat="-45.0288375187665224" lon="168.6461571045219898">
        <ele>733.79998779296875</ele>
        <time>2026-09-30T21:36:33.000Z</time>
        <extensions>
          <ns3:TrackPointExtension>
            <ns3:atemp>8.0</ns3:atemp>
            <ns3:hr>150</ns3:hr>
          </ns3:TrackPointExtension>
        </extensions>
      </trkpt>
      <trkpt lat="-45.0287520233541727" lon="168.6461857706308365">
        <ele>732.4000244140625</ele>
        <time>2026-09-30T21:36:34.000Z</time>
        <extensions>
          <ns3:TrackPointExtension>
            <ns3:atemp>8.0</ns3:atemp>
            <ns3:hr>150</ns3:hr>
          </ns3:TrackPointExtension>
        </extensions>
      </trkpt>
      <trkpt lat="-45.0287257041782141" lon="168.6461664922535419">
        <ele>731.4000244140625</ele>
        <time>2026-09-30T21:36:35.000Z</time>
        <extensions>
          <ns3:TrackPointExtension>
            <ns3:atemp>8.0</ns3:atemp>
            <ns3:hr>150</ns3:hr>
          </ns3:TrackPointExtension>
        </extensions>
      </trkpt>
      <trkpt lat="-45.0286908354610205" lon="168.646174119785428">
        <ele>730.4000244140625</ele>
        <time>2026-09-30T21:36:36.000Z</time>
        <extensions>
          <ns3:TrackPointExtension>
            <ns3:atemp>8.0</ns3:atemp>
            <ns3:hr>150</ns3:hr>
          </ns3:TrackPointExtension>
        </extensions>
      </trkpt>
      <trkpt lat="-45.0286341737955809" lon="168.6462066415697336">
        <ele>729.4000244140625</ele>
        <time>2026-09-30T21:36:37.000Z</time>
        <extensions>
          <ns3:TrackPointExtension>
            <ns3:atemp>8.0</ns3:atemp>
            <ns3:hr>150</ns3:hr>
          </ns3:TrackPointExtension>
        </extensions>
      </trkpt>
      <trkpt lat="-45.0285687111318111" lon="168.646225668489933">
        <ele>728.4000244140625</ele>
        <time>2026-09-30T21:36:38.000Z</time>
        <extensions>
          <ns3:TrackPointExtension>
            <ns3:atemp>8.0</ns3:atemp>
            <ns3:hr>149</ns3:hr>
          </ns3:TrackPointExtension>
        </extensions>
      </trkpt>
      <trkpt lat="-45.0285252090543509" lon="168.6462551727890968">
        <ele>727.79998779296875</ele>
        <time>2026-09-30T21:36:39.000Z</time>
        <extensions>
          <ns3:TrackPointExtension>
            <ns3:atemp>8.0</ns3:atemp>
            <ns3:hr>148</ns3:hr>
          </ns3:TrackPointExtension>
        </extensions>
      </trkpt>
      <trkpt lat="-45.0284441560506821" lon="168.6462764628231525">
        <ele>727.20001220703125</ele>
        <time>2026-09-30T21:36:40.000Z</time>
        <extensions>
          <ns3:TrackPointExtension>
            <ns3:atemp>8.0</ns3:atemp>
            <ns3:hr>148</ns3:hr>
          </ns3:TrackPointExtension>
        </extensions>
      </trkpt>
      <trkpt lat="-45.0283475965261459" lon="168.6463142652064562">
        <ele>726.20001220703125</ele>
        <time>2026-09-30T21:36:41.000Z</time>
        <extensions>
          <ns3:TrackPointExtension>
            <ns3:atemp>8.0</ns3:atemp>
            <ns3:hr>148</ns3:hr>
          </ns3:TrackPointExtension>
        </extensions>
      </trkpt>
      <trkpt lat="-45.0283085368573666" lon="168.6463026981800795">
        <ele>725.79998779296875</ele>
        <time>2026-09-30T21:36:42.000Z</time>
        <extensions>
          <ns3:TrackPointExtension>
            <ns3:atemp>8.0</ns3:atemp>
            <ns3:hr>148</ns3:hr>
          </ns3:TrackPointExtension>
        </extensions>
      </trkpt>
      <trkpt lat="-45.0282625202089548" lon="168.6463260836899281">
        <ele>725.4000244140625</ele>
        <time>2026-09-30T21:36:43.000Z</time>
        <extensions>
          <ns3:TrackPointExtension>
            <ns3:atemp>8.0</ns3:atemp>
            <ns3:hr>147</ns3:hr>
          </ns3:TrackPointExtension>
        </extensions>
      </trkpt>
      <trkpt lat="-45.0281825568526983" lon="168.6463697534054518">
        <ele>724.79998779296875</ele>
        <time>2026-09-30T21:36:44.000Z</time>
        <extensions>
          <ns3:TrackPointExtension>
            <ns3:atemp>8.0</ns3:atemp>
            <ns3:hr>147</ns3:hr>
          </ns3:TrackPointExtension>
        </extensions>
      </trkpt>
      <trkpt lat="-45.0281163398176432" lon="168.6463842540979385">
        <ele>724.20001220703125</ele>
        <time>2026-09-30T21:36:45.000Z</time>
        <extensions>
          <ns3:TrackPointExtension>
            <ns3:atemp>8.0</ns3:atemp>
            <ns3:hr>147</ns3:hr>
          </ns3:TrackPointExtension>
        </extensions>
      </trkpt>
      <trkpt lat="-45.028083398938179" lon="168.6464129202067852">
        <ele>723.5999755859375</ele>
        <time>2026-09-30T21:36:46.000Z</time>
        <extensions>
          <ns3:TrackPointExtension>
            <ns3:atemp>8.0</ns3:atemp>
            <ns3:hr>146</ns3:hr>
          </ns3:TrackPointExtension>
        </extensions>
      </trkpt>
      <trkpt lat="-45.0279996637254953" lon="168.6464288458228111">
        <ele>722.79998779296875</ele>
        <time>2026-09-30T21:36:47.000Z</time>
        <extensions>
          <ns3:TrackPointExtension>
            <ns3:atemp>8.0</ns3:atemp>
            <ns3:hr>146</ns3:hr>
          </ns3:TrackPointExtension>
        </extensions>
      </trkpt>
      <trkpt lat="-45.0279475282877684" lon="168.6464544106274843">
        <ele>722.20001220703125</ele>
        <time>2026-09-30T21:36:48.000Z</time>
        <extensions>
          <ns3:TrackPointExtension>
            <ns3:atemp>8.0</ns3:atemp>
            <ns3:hr>147</ns3:hr>
          </ns3:TrackPointExtension>
        </extensions>
      </trkpt>
      <trkpt lat="-45.0278619490563869" lon="168.6464317794889212">
        <ele>721.20001220703125</ele>
        <time>2026-09-30T21:36:49.000Z</time>
        <extensions>
          <ns3:TrackPointExtension>
            <ns3:atemp>8.0</ns3:atemp>
            <ns3:hr>146</ns3:hr>
          </ns3:TrackPointExtension>
        </extensions>
      </trkpt>
      <trkpt lat="-45.0277787167578936" lon="168.646428007632494">
        <ele>720.5999755859375</ele>
        <time>2026-09-30T21:36:50.000Z</time>
        <extensions>
          <ns3:TrackPointExtension>
            <ns3:atemp>8.0</ns3:atemp>
            <ns3:hr>147</ns3:hr>
          </ns3:TrackPointExtension>
        </extensions>
      </trkpt>
      <trkpt lat="-45.0277482066303492" lon="168.646421218290925">
        <ele>720.0</ele>
        <time>2026-09-30T21:36:51.000Z</time>
        <extensions>
          <ns3:TrackPointExtension>
            <ns3:atemp>8.0</ns3:atemp>
            <ns3:hr>146</ns3:hr>
          </ns3:TrackPointExtension>
        </extensions>
      </trkpt>
      <trkpt lat="-45.02768081612885" lon="168.6464128363877535">
        <ele>719.4000244140625</ele>
        <time>2026-09-30T21:36:52.000Z</time>
        <extensions>
          <ns3:TrackPointExtension>
            <ns3:atemp>8.0</ns3:atemp>
            <ns3:hr>146</ns3:hr>
          </ns3:TrackPointExtension>
        </extensions>
      </trkpt>
      <trkpt lat="-45.0276515632867813" lon="168.6465155985206366">
        <ele>718.79998779296875</ele>
        <time>2026-09-30T21:36:53.000Z</time>
        <extensions>
          <ns3:TrackPointExtension>
            <ns3:atemp>8.0</ns3:atemp>
            <ns3:hr>146</ns3:hr>
          </ns3:TrackPointExtension>
        </extensions>
      </trkpt>
      <trkpt lat="-45.0276278425008059" lon="168.6466048657894135">
        <ele>718.20001220703125</ele>
        <time>2026-09-30T21:36:54.000Z</time>
        <extensions>
          <ns3:TrackPointExtension>
            <ns3:atemp>8.0</ns3:atemp>
            <ns3:hr>146</ns3:hr>
          </ns3:TrackPointExtension>
        </extensions>
      </trkpt>
      <trkpt lat="-45.027640163898468" lon="168.6467096395790577">
        <ele>717.5999755859375</ele>
        <time>2026-09-30T21:36:55.000Z</time>
        <extensions>
          <ns3:TrackPointExtension>
            <ns3:atemp>8.0</ns3:atemp>
            <ns3:hr>146</ns3:hr>
          </ns3:TrackPointExtension>
        </extensions>
      </trkpt>
      <trkpt lat="-45.0276851747184992" lon="168.6468090489506721">
        <ele>716.79998779296875</ele>
        <time>2026-09-30T21:36:56.000Z</time>
        <extensions>
          <ns3:TrackPointExtension>
            <ns3:atemp>8.0</ns3:atemp>
            <ns3:hr>145</ns3:hr>
          </ns3:TrackPointExtension>
        </extensions>
      </trkpt>
      <trkpt lat="-45.0277068838477135" lon="168.6468622740358114">
        <ele>716.20001220703125</ele>
        <time>2026-09-30T21:36:57.000Z</time>
        <extensions>
          <ns3:TrackPointExtension>
            <ns3:atemp>8.0</ns3:atemp>
            <ns3:hr>145</ns3:hr>
          </ns3:TrackPointExtension>
        </extensions>
      </trkpt>
      <trkpt lat="-45.0277430936694145" lon="168.6468738410621881">
        <ele>715.4000244140625</ele>
        <time>2026-09-30T21:36:58.000Z</time>
        <extensions>
          <ns3:TrackPointExtension>
            <ns3:atemp>8.0</ns3:atemp>
            <ns3:hr>146</ns3:hr>
          </ns3:TrackPointExtension>
        </extensions>
      </trkpt>
      <trkpt lat="-45.0277964863926172" lon="168.6469064466655254">
        <ele>714.20001220703125</ele>
        <time>2026-09-30T21:36:59.000Z</time>
        <extensions>
          <ns3:TrackPointExtension>
            <ns3:atemp>8.0</ns3:atemp>
            <ns3:hr>147</ns3:hr>
          </ns3:TrackPointExtension>
        </extensions>
      </trkpt>
      <trkpt lat="-45.0278052035719156" lon="168.6469297483563423">
        <ele>713.20001220703125</ele>
        <time>2026-09-30T21:37:00.000Z</time>
        <extensions>
          <ns3:TrackPointExtension>
            <ns3:atemp>8.0</ns3:atemp>
            <ns3:hr>148</ns3:hr>
          </ns3:TrackPointExtension>
        </extensions>
      </trkpt>
      <trkpt lat="-45.0278720911592245" lon="168.6469661258161068">
        <ele>712.0</ele>
        <time>2026-09-30T21:37:01.000Z</time>
        <extensions>
          <ns3:TrackPointExtension>
            <ns3:atemp>8.0</ns3:atemp>
            <ns3:hr>148</ns3:hr>
          </ns3:TrackPointExtension>
        </extensions>
      </trkpt>
      <trkpt lat="-45.027905534952879" lon="168.6469725798815489">
        <ele>710.5999755859375</ele>
        <time>2026-09-30T21:37:02.000Z</time>
        <extensions>
          <ns3:TrackPointExtension>
            <ns3:atemp>8.0</ns3:atemp>
            <ns3:hr>149</ns3:hr>
          </ns3:TrackPointExtension>
        </extensions>
      </trkpt>
      <trkpt lat="-45.0279440078884363" lon="168.64696872420609">
        <ele>709.5999755859375</ele>
        <time>2026-09-30T21:37:03.000Z</time>
        <extensions>
          <ns3:TrackPointExtension>
            <ns3:atemp>8.0</ns3:atemp>
            <ns3:hr>150</ns3:hr>
          </ns3:TrackPointExtension>
        </extensions>
      </trkpt>
      <trkpt lat="-45.027977367863059" lon="168.647000826895237">
        <ele>708.4000244140625</ele>
        <time>2026-09-30T21:37:04.000Z</time>
        <extensions>
          <ns3:TrackPointExtension>
            <ns3:atemp>8.0</ns3:atemp>
            <ns3:hr>151</ns3:hr>
          </ns3:TrackPointExtension>
        </extensions>
      </trkpt>
      <trkpt lat="-45.0280247256159782" lon="168.6470304150134325">
        <ele>707.20001220703125</ele>
        <time>2026-09-30T21:37:05.000Z</time>
        <extensions>
          <ns3:TrackPointExtension>
            <ns3:atemp>8.0</ns3:atemp>
            <ns3:hr>151</ns3:hr>
          </ns3:TrackPointExtension>
        </extensions>
      </trkpt>
      <trkpt lat="-45.0280849914997816" lon="168.6470810417085886">
        <ele>705.5999755859375</ele>
        <time>2026-09-30T21:37:06.000Z</time>
        <extensions>
          <ns3:TrackPointExtension>
            <ns3:atemp>8.0</ns3:atemp>
            <ns3:hr>152</ns3:hr>
          </ns3:TrackPointExtension>
        </extensions>
      </trkpt>
      <trkpt lat="-45.0281329359859228" lon="168.6470704805105925">
        <ele>704.5999755859375</ele>
        <time>2026-09-30T21:37:07.000Z</time>
        <extensions>
          <ns3:TrackPointExtension>
            <ns3:atemp>8.0</ns3:atemp>
            <ns3:hr>152</ns3:hr>
          </ns3:TrackPointExtension>
        </extensions>
      </trkpt>
      <trkpt lat="-45.0281401444226503" lon="168.6470683012157679">
        <ele>703.20001220703125</ele>
        <time>2026-09-30T21:37:08.000Z</time>
        <extensions>
          <ns3:TrackPointExtension>
            <ns3:atemp>8.0</ns3:atemp>
            <ns3:hr>152</ns3:hr>
          </ns3:TrackPointExtension>
        </extensions>
      </trkpt>
      <trkpt lat="-45.0281787849962711" lon="168.6471226997673512">
        <ele>702.20001220703125</ele>
        <time>2026-09-30T21:37:09.000Z</time>
        <extensions>
          <ns3:TrackPointExtension>
            <ns3:atemp>8.0</ns3:atemp>
            <ns3:hr>151</ns3:hr>
          </ns3:TrackPointExtension>
        </extensions>
      </trkpt>
      <trkpt lat="-45.028255395591259" lon="168.6471196822822094">
        <ele>700.5999755859375</ele>
        <time>2026-09-30T21:37:10.000Z</time>
        <extensions>
          <ns3:TrackPointExtension>
            <ns3:atemp>8.0</ns3:atemp>
            <ns3:hr>151</ns3:hr>
          </ns3:TrackPointExtension>
        </extensions>
      </trkpt>
      <trkpt lat="-45.0283038429915905" lon="168.6471228674054146">
        <ele>699.5999755859375</ele>
        <time>2026-09-30T21:37:11.000Z</time>
        <extensions>
          <ns3:TrackPointExtension>
            <ns3:atemp>8.0</ns3:atemp>
            <ns3:hr>151</ns3:hr>
          </ns3:TrackPointExtension>
        </extensions>
      </trkpt>
      <trkpt lat="-45.0283569842576981" lon="168.6471589095890522">
        <ele>698.4000244140625</ele>
        <time>2026-09-30T21:37:12.000Z</time>
        <extensions>
          <ns3:TrackPointExtension>
            <ns3:atemp>8.0</ns3:atemp>
            <ns3:hr>151</ns3:hr>
          </ns3:TrackPointExtension>
        </extensions>
      </trkpt>
      <trkpt lat="-45.0284083653241396" lon="168.6471850611269474">
        <ele>697.0</ele>
        <time>2026-09-30T21:37:13.000Z</time>
        <extensions>
          <ns3:TrackPointExtension>
            <ns3:atemp>8.0</ns3:atemp>
            <ns3:hr>152</ns3:hr>
          </ns3:TrackPointExtension>
        </extensions>
      </trkpt>
      <trkpt lat="-45.0284457486122847" lon="168.6471815407276154">
        <ele>695.79998779296875</ele>
        <time>2026-09-30T21:37:14.000Z</time>
        <extensions>
          <ns3:TrackPointExtension>
            <ns3:atemp>8.0</ns3:atemp>
            <ns3:hr>153</ns3:hr>
          </ns3:TrackPointExtension>
        </extensions>
      </trkpt>
      <trkpt lat="-45.0284801982343197" lon="168.6472093686461449">
        <ele>694.4000244140625</ele>
        <time>2026-09-30T21:37:15.000Z</time>
        <extensions>
          <ns3:TrackPointExtension>
            <ns3:atemp>8.0</ns3:atemp>
            <ns3:hr>153</ns3:hr>
          </ns3:TrackPointExtension>
        </extensions>
      </trkpt>
      <trkpt lat="-45.0285492651164532" lon="168.6472210194915533">
        <ele>693.20001220703125</ele>
        <time>2026-09-30T21:37:16.000Z</time>
        <extensions>
          <ns3:TrackPointExtension>
            <ns3:atemp>8.0</ns3:atemp>
            <ns3:hr>152</ns3:hr>
          </ns3:TrackPointExtension>
        </extensions>
      </trkpt>
      <trkpt lat="-45.0286179967224598" lon="168.6472556367516518">
        <ele>692.4000244140625</ele>
        <time>2026-09-30T21:37:17.000Z</time>
        <extensions>
          <ns3:TrackPointExtension>
            <ns3:atemp>8.0</ns3:atemp>
            <ns3:hr>152</ns3:hr>
          </ns3:TrackPointExtension>
        </extensions>
      </trkpt>
      <trkpt lat="-45.0287045817822218" lon="168.6472427286207676">
        <ele>691.5999755859375</ele>
        <time>2026-09-30T21:37:18.000Z</time>
        <extensions>
          <ns3:TrackPointExtension>
            <ns3:atemp>8.0</ns3:atemp>
            <ns3:hr>151</ns3:hr>
          </ns3:TrackPointExtension>
        </extensions>
      </trkpt>
      <trkpt lat="-45.0287448987364769" lon="168.6472589056938887">
        <ele>690.79998779296875</ele>
        <time>2026-09-30T21:37:19.000Z</time>
        <extensions>
          <ns3:TrackPointExtension>
            <ns3:atemp>8.0</ns3:atemp>
            <ns3:hr>151</ns3:hr>
          </ns3:TrackPointExtension>
        </extensions>
      </trkpt>
      <trkpt lat="-45.0287774205207825" lon="168.64727265201509">
        <ele>690.0</ele>
        <time>2026-09-30T21:37:20.000Z</time>
        <extensions>
          <ns3:TrackPointExtension>
            <ns3:atemp>8.0</ns3:atemp>
            <ns3:hr>152</ns3:hr>
          </ns3:TrackPointExtension>
        </extensions>
      </trkpt>
      <trkpt lat="-45.0288660172373056" lon="168.6472737416625023">
        <ele>689.0</ele>
        <time>2026-09-30T21:37:21.000Z</time>
        <extensions>
          <ns3:TrackPointExtension>
            <ns3:atemp>8.0</ns3:atemp>
            <ns3:hr>151</ns3:hr>
          </ns3:TrackPointExtension>
        </extensions>
      </trkpt>
      <trkpt lat="-45.0288849603384733" lon="168.6473254580050707">
        <ele>688.20001220703125</ele>
        <time>2026-09-30T21:37:22.000Z</time>
        <extensions>
          <ns3:TrackPointExtension>
            <ns3:atemp>8.0</ns3:atemp>
            <ns3:hr>151</ns3:hr>
          </ns3:TrackPointExtension>
        </extensions>
      </trkpt>
      <trkpt lat="-45.0289535243064165" lon="168.6473545432090759">
        <ele>687.20001220703125</ele>
        <time>2026-09-30T21:37:23.000Z</time>
        <extensions>
          <ns3:TrackPointExtension>
            <ns3:atemp>8.0</ns3:atemp>
            <ns3:hr>151</ns3:hr>
          </ns3:TrackPointExtension>
        </extensions>
      </trkpt>
      <trkpt lat="-45.029015801846981" lon="168.6473700497299433">
        <ele>686.4000244140625</ele>
        <time>2026-09-30T21:37:24.000Z</time>
        <extensions>
          <ns3:TrackPointExtension>
            <ns3:atemp>8.0</ns3:atemp>
            <ns3:hr>151</ns3:hr>
          </ns3:TrackPointExtension>
        </extensions>
      </trkpt>
      <trkpt lat="-45.0290839467197657" lon="168.6474055051803589">
        <ele>685.4000244140625</ele>
        <time>2026-09-30T21:37:25.000Z</time>
        <extensions>
          <ns3:TrackPointExtension>
            <ns3:atemp>8.0</ns3:atemp>
            <ns3:hr>151</ns3:hr>
          </ns3:TrackPointExtension>
        </extensions>
      </trkpt>
      <trkpt lat="-45.0291356630623341" lon="168.6473806109279394">
        <ele>684.79998779296875</ele>
        <time>2026-09-30T21:37:26.000Z</time>
        <extensions>
          <ns3:TrackPointExtension>
            <ns3:atemp>8.0</ns3:atemp>
            <ns3:hr>152</ns3:hr>
          </ns3:TrackPointExtension>
        </extensions>
      </trkpt>
      <trkpt lat="-45.0292064901441336" lon="168.6474064271897078">
        <ele>683.79998779296875</ele>
        <time>2026-09-30T21:37:27.000Z</time>
        <extensions>
          <ns3:TrackPointExtension>
            <ns3:atemp>8.0</ns3:atemp>
            <ns3:hr>151</ns3:hr>
          </ns3:TrackPointExtension>
        </extensions>
      </trkpt>
      <trkpt lat="-45.0292669236660004" lon="168.6474627535790205">
        <ele>682.79998779296875</ele>
        <time>2026-09-30T21:37:28.000Z</time>
        <extensions>
          <ns3:TrackPointExtension>
            <ns3:atemp>8.0</ns3:atemp>
            <ns3:hr>151</ns3:hr>
          </ns3:TrackPointExtension>
        </extensions>
      </trkpt>
      <trkpt lat="-45.0293240882456303" lon="168.6474863905459642">
        <ele>682.0</ele>
        <time>2026-09-30T21:37:29.000Z</time>
        <extensions>
          <ns3:TrackPointExtension>
            <ns3:atemp>8.0</ns3:atemp>
            <ns3:hr>151</ns3:hr>
          </ns3:TrackPointExtension>
        </extensions>
      </trkpt>
      <trkpt lat="-45.0293582025915384" lon="168.6474869772791862">
        <ele>681.20001220703125</ele>
        <time>2026-09-30T21:37:30.000Z</time>
        <extensions>
          <ns3:TrackPointExtension>
            <ns3:atemp>8.0</ns3:atemp>
            <ns3:hr>152</ns3:hr>
          </ns3:TrackPointExtension>
        </extensions>
      </trkpt>
      <trkpt lat="-45.0294100865721703" lon="168.647545063868165">
        <ele>680.20001220703125</ele>
        <time>2026-09-30T21:37:31.000Z</time>
        <extensions>
          <ns3:TrackPointExtension>
            <ns3:atemp>8.0</ns3:atemp>
            <ns3:hr>152</ns3:hr>
          </ns3:TrackPointExtension>
        </extensions>
      </trkpt>
      <trkpt lat="-45.0295100826770067" lon="168.6475554574280977">
        <ele>679.4000244140625</ele>
        <time>2026-09-30T21:37:32.000Z</time>
        <extensions>
          <ns3:TrackPointExtension>
            <ns3:atemp>8.0</ns3:atemp>
            <ns3:hr>151</ns3:hr>
          </ns3:TrackPointExtension>
        </extensions>
      </trkpt>
      <trkpt lat="-45.0295642297714949" lon="168.6475671920925379">
        <ele>678.4000244140625</ele>
        <time>2026-09-30T21:37:33.000Z</time>
        <extensions>
          <ns3:TrackPointExtension>
            <ns3:atemp>8.0</ns3:atemp>
            <ns3:hr>151</ns3:hr>
          </ns3:TrackPointExtension>
        </extensions>
      </trkpt>
      <trkpt lat="-45.0296233221888542" lon="168.6476150527596474">
        <ele>677.4000244140625</ele>
        <time>2026-09-30T21:37:34.000Z</time>
        <extensions>
          <ns3:TrackPointExtension>
            <ns3:atemp>8.0</ns3:atemp>
            <ns3:hr>152</ns3:hr>
          </ns3:TrackPointExtension>
        </extensions>
      </trkpt>
      <trkpt lat="-45.029606893658638" lon="168.6477057449519634">
        <ele>676.79998779296875</ele>
        <time>2026-09-30T21:37:35.000Z</time>
        <extensions>
          <ns3:TrackPointExtension>
            <ns3:atemp>8.0</ns3:atemp>
            <ns3:hr>150</ns3:hr>
          </ns3:TrackPointExtension>
        </extensions>
      </trkpt>
      <trkpt lat="-45.0295931473374367" lon="168.647772716358304">
        <ele>675.5999755859375</ele>
        <time>2026-09-30T21:37:36.000Z</time>
        <extensions>
          <ns3:TrackPointExtension>
            <ns3:atemp>8.0</ns3:atemp>
            <ns3:hr>150</ns3:hr>
          </ns3:TrackPointExtension>
        </extensions>
      </trkpt>
      <trkpt lat="-45.0295701809227467" lon="168.6478805914521217">
        <ele>674.79998779296875</ele>
        <time>2026-09-30T21:37:37.000Z</time>
        <extensions>
          <ns3:TrackPointExtension>
            <ns3:atemp>8.0</ns3:atemp>
            <ns3:hr>150</ns3:hr>
          </ns3:TrackPointExtension>
        </extensions>
      </trkpt>
      <trkpt lat="-45.0295370724052191" lon="168.6479271948337555">
        <ele>674.0</ele>
        <time>2026-09-30T21:37:38.000Z</time>
        <extensions>
          <ns3:TrackPointExtension>
            <ns3:atemp>8.0</ns3:atemp>
            <ns3:hr>150</ns3:hr>
          </ns3:TrackPointExtension>
        </extensions>
      </trkpt>
      <trkpt lat="-45.0294723641127348" lon="168.6480084992945194">
        <ele>673.20001220703125</ele>
        <time>2026-09-30T21:37:39.000Z</time>
        <extensions>
          <ns3:TrackPointExtension>
            <ns3:atemp>8.0</ns3:atemp>
            <ns3:hr>151</ns3:hr>
          </ns3:TrackPointExtension>
        </extensions>
      </trkpt>
      <trkpt lat="-45.0294166244566441" lon="168.6480515822768211">
        <ele>672.20001220703125</ele>
        <time>2026-09-30T21:37:40.000Z</time>
        <extensions>
          <ns3:TrackPointExtension>
            <ns3:atemp>8.0</ns3:atemp>
            <ns3:hr>150</ns3:hr>
          </ns3:TrackPointExtension>
        </extensions>
      </trkpt>
      <trkpt lat="-45.0293835997581482" lon="168.6481063161045313">
        <ele>671.4000244140625</ele>
        <time>2026-09-30T21:37:41.000Z</time>
        <extensions>
          <ns3:TrackPointExtension>
            <ns3:atemp>8.0</ns3:atemp>
            <ns3:hr>150</ns3:hr>
          </ns3:TrackPointExtension>
        </extensions>
      </trkpt>
      <trkpt lat="-45.0293161254376173" lon="168.6481415200978518">
        <ele>670.79998779296875</ele>
        <time>2026-09-30T21:37:42.000Z</time>
        <extensions>
          <ns3:TrackPointExtension>
            <ns3:atemp>8.0</ns3:atemp>
            <ns3:hr>149</ns3:hr>
          </ns3:TrackPointExtension>
        </extensions>
      </trkpt>
      <trkpt lat="-45.0292455498129129" lon="168.6481665819883347">
        <ele>669.79998779296875</ele>
        <time>2026-09-30T21:37:43.000Z</time>
        <extensions>
          <ns3:TrackPointExtension>
            <ns3:atemp>8.0</ns3:atemp>
            <ns3:hr>148</ns3:hr>
          </ns3:TrackPointExtension>
        </extensions>
      </trkpt>
      <trkpt lat="-45.0291908159852028" lon="168.6482035461813211">
        <ele>668.79998779296875</ele>
        <time>2026-09-30T21:37:44.000Z</time>
        <extensions>
          <ns3:TrackPointExtension>
            <ns3:atemp>8.0</ns3:atemp>
            <ns3:hr>149</ns3:hr>
          </ns3:TrackPointExtension>
        </extensions>
      </trkpt>
      <trkpt lat="-45.0291414465755224" lon="168.6482120957225561">
        <ele>668.20001220703125</ele>
        <time>2026-09-30T21:37:45.000Z</time>
        <extensions>
          <ns3:TrackPointExtension>
            <ns3:atemp>8.0</ns3:atemp>
            <ns3:hr>148</ns3:hr>
          </ns3:TrackPointExtension>
        </extensions>
      </trkpt>
      <trkpt lat="-45.0290748942643404" lon="168.6482356488704681">
        <ele>667.20001220703125</ele>
        <time>2026-09-30T21:37:46.000Z</time>
        <extensions>
          <ns3:TrackPointExtension>
            <ns3:atemp>8.0</ns3:atemp>
            <ns3:hr>148</ns3:hr>
          </ns3:TrackPointExtension>
        </extensions>
      </trkpt>
      <trkpt lat="-45.0290484074503183" lon="168.648302536457777">
        <ele>666.4000244140625</ele>
        <time>2026-09-30T21:37:47.000Z</time>
        <extensions>
          <ns3:TrackPointExtension>
            <ns3:atemp>8.0</ns3:atemp>
            <ns3:hr>148</ns3:hr>
          </ns3:TrackPointExtension>
        </extensions>
      </trkpt>
      <trkpt lat="-45.0290171429514885" lon="168.6482954118400812">
        <ele>666.20001220703125</ele>
        <time>2026-09-30T21:37:48.000Z</time>
        <extensions>
          <ns3:TrackPointExtension>
            <ns3:atemp>8.0</ns3:atemp>
            <ns3:hr>150</ns3:hr>
          </ns3:TrackPointExtension>
        </extensions>
      </trkpt>
      <trkpt lat="-45.0290147121995687" lon="168.6483101639896631">
        <ele>666.0</ele>
        <time>2026-09-30T21:37:49.000Z</time>
        <extensions>
          <ns3:TrackPointExtension>
            <ns3:atemp>8.0</ns3:atemp>
            <ns3:hr>151</ns3:hr>
          </ns3:TrackPointExtension>
        </extensions>
      </trkpt>
      <trkpt lat="-45.0289866328239441" lon="168.6483121756464243">
        <ele>666.0</ele>
        <time>2026-09-30T21:37:50.000Z</time>
        <extensions>
          <ns3:TrackPointExtension>
            <ns3:atemp>8.0</ns3:atemp>
            <ns3:hr>153</ns3:hr>
          </ns3:TrackPointExtension>
        </extensions>
      </trkpt>
      <trkpt lat="-45.0289816036820412" lon="168.6483125109225512">
        <ele>666.0</ele>
        <time>2026-09-30T21:37:51.000Z</time>
        <extensions>
          <ns3:TrackPointExtension>
            <ns3:atemp>8.0</ns3:atemp>
            <ns3:hr>154</ns3:hr>
          </ns3:TrackPointExtension>
        </extensions>
      </trkpt>
      <trkpt lat="-45.0289473216980696" lon="168.6483436077833176">
        <ele>666.20001220703125</ele>
        <time>2026-09-30T21:37:52.000Z</time>
        <extensions>
          <ns3:TrackPointExtension>
            <ns3:atemp>8.0</ns3:atemp>
            <ns3:hr>154</ns3:hr>
          </ns3:TrackPointExtension>
        </extensions>
      </trkpt>
      <trkpt lat="-45.0289456453174353" lon="168.6482967529445887">
        <ele>666.20001220703125</ele>
        <time>2026-09-30T21:37:53.000Z</time>
        <extensions>
          <ns3:TrackPointExtension>
            <ns3:atemp>8.0</ns3:atemp>
            <ns3:hr>154</ns3:hr>
          </ns3:TrackPointExtension>
        </extensions>
      </trkpt>
      <trkpt lat="-45.0289012212306261" lon="168.6483272630721331">
        <ele>666.20001220703125</ele>
        <time>2026-09-30T21:37:54.000Z</time>
        <extensions>
          <ns3:TrackPointExtension>
            <ns3:atemp>8.0</ns3:atemp>
            <ns3:hr>155</ns3:hr>
          </ns3:TrackPointExtension>
        </extensions>
      </trkpt>
      <trkpt lat="-45.0289163086563349" lon="168.6483268439769745">
        <ele>666.20001220703125</ele>
        <time>2026-09-30T21:37:55.000Z</time>
        <extensions>
          <ns3:TrackPointExtension>
            <ns3:atemp>8.0</ns3:atemp>
            <ns3:hr>156</ns3:hr>
          </ns3:TrackPointExtension>
        </extensions>
      </trkpt>
      <trkpt lat="-45.028889486566186" lon="168.6483176238834858">
        <ele>666.20001220703125</ele>
        <time>2026-09-30T21:37:56.000Z</time>
        <extensions>
          <ns3:TrackPointExtension>
            <ns3:atemp>8.0</ns3:atemp>
            <ns3:hr>156</ns3:hr>
          </ns3:TrackPointExtension>
        </extensions>
      </trkpt>
      <trkpt lat="-45.0288536120206118" lon="168.6483269277960062">
        <ele>666.4000244140625</ele>
        <time>2026-09-30T21:37:57.000Z</time>
        <extensions>
          <ns3:TrackPointExtension>
            <ns3:atemp>8.0</ns3:atemp>
            <ns3:hr>157</ns3:hr>
          </ns3:TrackPointExtension>
        </extensions>
      </trkpt>
      <trkpt lat="-45.0288393627852201" lon="168.6483295261859894">
        <ele>666.4000244140625</ele>
        <time>2026-09-30T21:37:58.000Z</time>
        <extensions>
          <ns3:TrackPointExtension>
            <ns3:atemp>8.0</ns3:atemp>
            <ns3:hr>157</ns3:hr>
          </ns3:TrackPointExtension>
        </extensions>
      </trkpt>
      <trkpt lat="-45.0288172345608473" lon="168.6483293585479259">
        <ele>666.5999755859375</ele>
        <time>2026-09-30T21:37:59.000Z</time>
        <extensions>
          <ns3:TrackPointExtension>
            <ns3:atemp>8.0</ns3:atemp>
            <ns3:hr>157</ns3:hr>
          </ns3:TrackPointExtension>
        </extensions>
      </trkpt>
      <trkpt lat="-45.0288008898496628" lon="168.6483306996524334">
        <ele>666.5999755859375</ele>
        <time>2026-09-30T21:38:00.000Z</time>
        <extensions>
          <ns3:TrackPointExtension>
            <ns3:atemp>8.0</ns3:atemp>
            <ns3:hr>157</ns3:hr>
          </ns3:TrackPointExtension>
        </extensions>
      </trkpt>
      <trkpt lat="-45.0288070924580097" lon="168.6483380757272243">
        <ele>666.5999755859375</ele>
        <time>2026-09-30T21:38:01.000Z</time>
        <extensions>
          <ns3:TrackPointExtension>
            <ns3:atemp>8.0</ns3:atemp>
            <ns3:hr>158</ns3:hr>
          </ns3:TrackPointExtension>
        </extensions>
      </trkpt>
      <trkpt lat="-45.0287975370883942" lon="168.6483604554086924">
        <ele>666.5999755859375</ele>
        <time>2026-09-30T21:38:02.000Z</time>
        <extensions>
          <ns3:TrackPointExtension>
            <ns3:atemp>8.0</ns3:atemp>
            <ns3:hr>157</ns3:hr>
          </ns3:TrackPointExtension>
        </extensions>
      </trkpt>
      <trkpt lat="-45.0287717208266258" lon="168.6483483016490936">
        <ele>666.79998779296875</ele>
        <time>2026-09-30T21:38:03.000Z</time>
        <extensions>
          <ns3:TrackPointExtension>
            <ns3:atemp>8.0</ns3:atemp>
            <ns3:hr>158</ns3:hr>
          </ns3:TrackPointExtension>
        </extensions>
      </trkpt>
      <trkpt lat="-45.0287597347050905" lon="168.6483460385352373">
        <ele>666.79998779296875</ele>
        <time>2026-09-30T21:38:04.000Z</time>
        <extensions>
          <ns3:TrackPointExtension>
            <ns3:atemp>8.0</ns3:atemp>
            <ns3:hr>160</ns3:hr>
          </ns3:TrackPointExtension>
        </extensions>
      </trkpt>
      <trkpt lat="-45.0287314038723707" lon="168.6483723577111959">
        <ele>666.5999755859375</ele>
        <time>2026-09-30T21:38:05.000Z</time>
        <extensions>
          <ns3:TrackPointExtension>
            <ns3:atemp>8.0</ns3:atemp>
            <ns3:hr>160</ns3:hr>
          </ns3:TrackPointExtension>
        </extensions>
      </trkpt>
      <trkpt lat="-45.0287013128399849" lon="168.6483514029532671">
        <ele>666.79998779296875</ele>
        <time>2026-09-30T21:38:06.000Z</time>
        <extensions>
          <ns3:TrackPointExtension>
            <ns3:atemp>8.0</ns3:atemp>
            <ns3:hr>160</ns3:hr>
          </ns3:TrackPointExtension>
        </extensions>
      </trkpt>
      <trkpt lat="-45.0287133827805519" lon="168.6483555939048529">
        <ele>667.0</ele>
        <time>2026-09-30T21:38:07.000Z</time>
        <extensions>
          <ns3:TrackPointExtension>
            <ns3:atemp>8.0</ns3:atemp>
            <ns3:hr>162</ns3:hr>
          </ns3:TrackPointExtension>
        </extensions>
      </trkpt>
      <trkpt lat="-45.0286666955798864" lon="168.6483651492744684">
        <ele>667.0</ele>
        <time>2026-09-30T21:38:08.000Z</time>
        <extensions>
          <ns3:TrackPointExtension>
            <ns3:atemp>8.0</ns3:atemp>
            <ns3:hr>162</ns3:hr>
          </ns3:TrackPointExtension>
        </extensions>
      </trkpt>
      <trkpt lat="-45.0286799389868975" lon="168.648366741836071">
        <ele>667.20001220703125</ele>
        <time>2026-09-30T21:38:09.000Z</time>
        <extensions>
          <ns3:TrackPointExtension>
            <ns3:atemp>8.0</ns3:atemp>
            <ns3:hr>163</ns3:hr>
          </ns3:TrackPointExtension>
        </extensions>
      </trkpt>
      <trkpt lat="-45.028636185452342" lon="168.6483718547970057">
        <ele>667.0</ele>
        <time>2026-09-30T21:38:10.000Z</time>
        <extensions>
          <ns3:TrackPointExtension>
            <ns3:atemp>8.0</ns3:atemp>
            <ns3:hr>163</ns3:hr>
          </ns3:TrackPointExtension>
        </extensions>
      </trkpt>
      <trkpt lat="-45.0286336708813906" lon="168.6483846791088581">
        <ele>667.4000244140625</ele>
        <time>2026-09-30T21:38:11.000Z</time>
        <extensions>
          <ns3:TrackPointExtension>
            <ns3:atemp>8.0</ns3:atemp>
            <ns3:hr>165</ns3:hr>
          </ns3:TrackPointExtension>
        </extensions>
      </trkpt>
      <trkpt lat="-45.0286016520112753" lon="168.6483642272651196">
        <ele>667.20001220703125</ele>
        <time>2026-09-30T21:38:12.000Z</time>
        <extensions>
          <ns3:TrackPointExtension>
            <ns3:atemp>8.0</ns3:atemp>
            <ns3:hr>165</ns3:hr>
          </ns3:TrackPointExtension>
        </extensions>
      </trkpt>
      <trkpt lat="-45.0286061782389879" lon="168.6483768001198769">
        <ele>667.4000244140625</ele>
        <time>2026-09-30T21:38:13.000Z</time>
        <extensions>
          <ns3:TrackPointExtension>
            <ns3:atemp>8.0</ns3:atemp>
            <ns3:hr>166</ns3:hr>
          </ns3:TrackPointExtension>
        </extensions>
      </trkpt>
      <trkpt lat="-45.028602909296751" lon="168.64837646484375">
        <ele>667.4000244140625</ele>
        <time>2026-09-30T21:38:14.000Z</time>
        <extensions>
          <ns3:TrackPointExtension>
            <ns3:atemp>8.0</ns3:atemp>
            <ns3:hr>166</ns3:hr>
          </ns3:TrackPointExtension>
        </extensions>
      </trkpt>
      <trkpt lat="-45.0285521149635315" lon="168.6483808234333992">
        <ele>667.5999755859375</ele>
        <time>2026-09-30T21:38:15.000Z</time>
        <extensions>
          <ns3:TrackPointExtension>
            <ns3:atemp>8.0</ns3:atemp>
            <ns3:hr>166</ns3:hr>
          </ns3:TrackPointExtension>
        </extensions>
      </trkpt>
      <trkpt lat="-45.0285232812166214" lon="168.6483878642320633">
        <ele>667.5999755859375</ele>
        <time>2026-09-30T21:38:16.000Z</time>
        <extensions>
          <ns3:TrackPointExtension>
            <ns3:atemp>8.0</ns3:atemp>
            <ns3:hr>167</ns3:hr>
          </ns3:TrackPointExtension>
        </extensions>
      </trkpt>
      <trkpt lat="-45.0285282265394926" lon="168.6483814939856529">
        <ele>667.79998779296875</ele>
        <time>2026-09-30T21:38:17.000Z</time>
        <extensions>
          <ns3:TrackPointExtension>
            <ns3:atemp>8.0</ns3:atemp>
            <ns3:hr>167</ns3:hr>
          </ns3:TrackPointExtension>
        </extensions>
      </trkpt>
      <trkpt lat="-45.0285146478563547" lon="168.6483567673712969">
        <ele>667.5999755859375</ele>
        <time>2026-09-30T21:38:18.000Z</time>
        <extensions>
          <ns3:TrackPointExtension>
            <ns3:atemp>8.0</ns3:atemp>
            <ns3:hr>168</ns3:hr>
          </ns3:TrackPointExtension>
        </extensions>
      </trkpt>
      <trkpt lat="-45.028490424156189" lon="168.6483589466661215">
        <ele>667.5999755859375</ele>
        <time>2026-09-30T21:38:19.000Z</time>
        <extensions>
          <ns3:TrackPointExtension>
            <ns3:atemp>8.0</ns3:atemp>
            <ns3:hr>166</ns3:hr>
          </ns3:TrackPointExtension>
        </extensions>
      </trkpt>
      <trkpt lat="-45.0284655299037695" lon="168.6483719386160374">
        <ele>667.79998779296875</ele>
        <time>2026-09-30T21:38:20.000Z</time>
        <extensions>
          <ns3:TrackPointExtension>
            <ns3:atemp>8.0</ns3:atemp>
            <ns3:hr>166</ns3:hr>
          </ns3:TrackPointExtension>
        </extensions>
      </trkpt>
      <trkpt lat="-45.0284337624907494" lon="168.6483919713646173">
        <ele>667.79998779296875</ele>
        <time>2026-09-30T21:38:21.000Z</time>
        <extensions>
          <ns3:TrackPointExtension>
            <ns3:atemp>8.0</ns3:atemp>
            <ns3:hr>165</ns3:hr>
          </ns3:TrackPointExtension>
        </extensions>
      </trkpt>
      <trkpt lat="-45.0284197647124529" lon="168.6483971681445837">
        <ele>668.0</ele>
        <time>2026-09-30T21:38:22.000Z</time>
        <extensions>
          <ns3:TrackPointExtension>
            <ns3:atemp>8.0</ns3:atemp>
            <ns3:hr>165</ns3:hr>
          </ns3:TrackPointExtension>
        </extensions>
      </trkpt>
      <trkpt lat="-45.0284294877201319" lon="168.6484202183783054">
        <ele>668.0</ele>
        <time>2026-09-30T21:38:23.000Z</time>
        <extensions>
          <ns3:TrackPointExtension>
            <ns3:atemp>8.0</ns3:atemp>
            <ns3:hr>164</ns3:hr>
          </ns3:TrackPointExtension>
        </extensions>
      </trkpt>
      <trkpt lat="-45.0284076947718859" lon="168.6483711842447519">
        <ele>668.0</ele>
        <time>2026-09-30T21:38:24.000Z</time>
        <extensions>
          <ns3:TrackPointExtension>
            <ns3:atemp>8.0</ns3:atemp>
            <ns3:hr>164</ns3:hr>
          </ns3:TrackPointExtension>
        </extensions>
      </trkpt>
      <trkpt lat="-45.0284071918576956" lon="168.6483761295676231">
        <ele>668.0</ele>
        <time>2026-09-30T21:38:25.000Z</time>
        <extensions>
          <ns3:TrackPointExtension>
            <ns3:atemp>8.0</ns3:atemp>
            <ns3:hr>164</ns3:hr>
          </ns3:TrackPointExtension>
        </extensions>
      </trkpt>
      <trkpt lat="-45.0283851474523544" lon="168.6483926419168711">
        <ele>668.20001220703125</ele>
        <time>2026-09-30T21:38:26.000Z</time>
        <extensions>
          <ns3:TrackPointExtension>
            <ns3:atemp>8.0</ns3:atemp>
            <ns3:hr>164</ns3:hr>
          </ns3:TrackPointExtension>
        </extensions>
      </trkpt>
      <trkpt lat="-45.0283598341047764" lon="168.6484059691429138">
        <ele>668.20001220703125</ele>
        <time>2026-09-30T21:38:27.000Z</time>
        <extensions>
          <ns3:TrackPointExtension>
            <ns3:atemp>8.0</ns3:atemp>
            <ns3:hr>165</ns3:hr>
          </ns3:TrackPointExtension>
        </extensions>
      </trkpt>
      <trkpt lat="-45.0283455010503531" lon="168.6483886186033487">
        <ele>668.20001220703125</ele>
        <time>2026-09-30T21:38:28.000Z</time>
        <extensions>
          <ns3:TrackPointExtension>
            <ns3:atemp>8.0</ns3:atemp>
            <ns3:hr>165</ns3:hr>
          </ns3:TrackPointExtension>
        </extensions>
      </trkpt>
      <trkpt lat="-45.0283258035778999" lon="168.6483990121632814">
        <ele>668.20001220703125</ele>
        <time>2026-09-30T21:38:29.000Z</time>
        <extensions>
          <ns3:TrackPointExtension>
            <ns3:atemp>8.0</ns3:atemp>
            <ns3:hr>166</ns3:hr>
          </ns3:TrackPointExtension>
        </extensions>
      </trkpt>
      <trkpt lat="-45.0282951258122921" lon="168.6484392452985048">
        <ele>668.4000244140625</ele>
        <time>2026-09-30T21:38:30.000Z</time>
        <extensions>
          <ns3:TrackPointExtension>
            <ns3:atemp>8.0</ns3:atemp>
            <ns3:hr>166</ns3:hr>
          </ns3:TrackPointExtension>
        </extensions>
      </trkpt>
      <trkpt lat="-45.0282650347799063" lon="168.6484178714454174">
        <ele>668.20001220703125</ele>
        <time>2026-09-30T21:38:31.000Z</time>
        <extensions>
          <ns3:TrackPointExtension>
            <ns3:atemp>8.0</ns3:atemp>
            <ns3:hr>167</ns3:hr>
          </ns3:TrackPointExtension>
        </extensions>
      </trkpt>
      <trkpt lat="-45.0282706506550312" lon="168.6484158597886562">
        <ele>668.4000244140625</ele>
        <time>2026-09-30T21:38:32.000Z</time>
        <extensions>
          <ns3:TrackPointExtension>
            <ns3:atemp>8.0</ns3:atemp>
            <ns3:hr>166</ns3:hr>
          </ns3:TrackPointExtension>
        </extensions>
      </trkpt>
      <trkpt lat="-45.028251875191927" lon="168.6484345514327288">
        <ele>668.4000244140625</ele>
        <time>2026-09-30T21:38:33.000Z</time>
        <extensions>
          <ns3:TrackPointExtension>
            <ns3:atemp>8.0</ns3:atemp>
            <ns3:hr>165</ns3:hr>
          </ns3:TrackPointExtension>
        </extensions>
      </trkpt>
      <trkpt lat="-45.0282424874603748" lon="168.6484211403876543">
        <ele>668.4000244140625</ele>
        <time>2026-09-30T21:38:34.000Z</time>
        <extensions>
          <ns3:TrackPointExtension>
            <ns3:atemp>8.0</ns3:atemp>
            <ns3:hr>165</ns3:hr>
          </ns3:TrackPointExtension>
        </extensions>
      </trkpt>
      <trkpt lat="-45.0282136537134647" lon="168.6484014429152012">
        <ele>668.5999755859375</ele>
        <time>2026-09-30T21:38:35.000Z</time>
        <extensions>
          <ns3:TrackPointExtension>
            <ns3:atemp>8.0</ns3:atemp>
            <ns3:hr>165</ns3:hr>
          </ns3:TrackPointExtension>
        </extensions>
      </trkpt>
      <trkpt lat="-45.0282185152173042" lon="168.6484254151582718">
        <ele>668.5999755859375</ele>
        <time>2026-09-30T21:38:36.000Z</time>
        <extensions>
          <ns3:TrackPointExtension>
            <ns3:atemp>8.0</ns3:atemp>
            <ns3:hr>165</ns3:hr>
          </ns3:TrackPointExtension>
        </extensions>
      </trkpt>
      <trkpt lat="-45.0281798746436834" lon="168.6484432686120272">
        <ele>668.5999755859375</ele>
        <time>2026-09-30T21:38:37.000Z</time>
        <extensions>
          <ns3:TrackPointExtension>
            <ns3:atemp>8.0</ns3:atemp>
            <ns3:hr>166</ns3:hr>
          </ns3:TrackPointExtension>
        </extensions>
      </trkpt>
      <trkpt lat="-45.0281764380633831" lon="168.6484349705278873">
        <ele>668.79998779296875</ele>
        <time>2026-09-30T21:38:38.000Z</time>
        <extensions>
          <ns3:TrackPointExtension>
            <ns3:atemp>8.0</ns3:atemp>
            <ns3:hr>165</ns3:hr>
          </ns3:TrackPointExtension>
        </extensions>
      </trkpt>
      <trkpt lat="-45.0281534716486931" lon="168.6484088189899921">
        <ele>668.79998779296875</ele>
        <time>2026-09-30T21:38:39.000Z</time>
        <extensions>
          <ns3:TrackPointExtension>
            <ns3:atemp>8.0</ns3:atemp>
            <ns3:hr>167</ns3:hr>
          </ns3:TrackPointExtension>
        </extensions>
      </trkpt>
      <trkpt lat="-45.0281377974897623" lon="168.6484493035823107">
        <ele>668.79998779296875</ele>
        <time>2026-09-30T21:38:40.000Z</time>
        <extensions>
          <ns3:TrackPointExtension>
            <ns3:atemp>8.0</ns3:atemp>
            <ns3:hr>166</ns3:hr>
          </ns3:TrackPointExtension>
        </extensions>
      </trkpt>
      <trkpt lat="-45.0281092990189791" lon="168.6484271753579378">
        <ele>668.79998779296875</ele>
        <time>2026-09-30T21:38:41.000Z</time>
        <extensions>
          <ns3:TrackPointExtension>
            <ns3:atemp>8.0</ns3:atemp>
            <ns3:hr>164</ns3:hr>
          </ns3:TrackPointExtension>
        </extensions>
      </trkpt>
      <trkpt lat="-45.0280811358243227" lon="168.648440083488822">
        <ele>669.0</ele>
        <time>2026-09-30T21:38:42.000Z</time>
        <extensions>
          <ns3:TrackPointExtension>
            <ns3:atemp>8.0</ns3:atemp>
            <ns3:hr>164</ns3:hr>
          </ns3:TrackPointExtension>
        </extensions>
      </trkpt>
      <trkpt lat="-45.0280863326042891" lon="168.6484456993639469">
        <ele>669.20001220703125</ele>
        <time>2026-09-30T21:38:43.000Z</time>
        <extensions>
          <ns3:TrackPointExtension>
            <ns3:atemp>8.0</ns3:atemp>
            <ns3:hr>164</ns3:hr>
          </ns3:TrackPointExtension>
        </extensions>
      </trkpt>
      <trkpt lat="-45.028046602383256" lon="168.6484459508210421">
        <ele>669.20001220703125</ele>
        <time>2026-09-30T21:38:44.000Z</time>
        <extensions>
          <ns3:TrackPointExtension>
            <ns3:atemp>8.0</ns3:atemp>
            <ns3:hr>166</ns3:hr>
          </ns3:TrackPointExtension>
        </extensions>
      </trkpt>
      <trkpt lat="-45.0279873423278332" lon="168.6484679114073515">
        <ele>668.5999755859375</ele>
        <time>2026-09-30T21:38:45.000Z</time>
        <extensions>
          <ns3:TrackPointExtension>
            <ns3:atemp>8.0</ns3:atemp>
            <ns3:hr>165</ns3:hr>
          </ns3:TrackPointExtension>
        </extensions>
      </trkpt>
      <trkpt lat="-45.0279388949275017" lon="168.6485094018280506">
        <ele>668.0</ele>
        <time>2026-09-30T21:38:46.000Z</time>
        <extensions>
          <ns3:TrackPointExtension>
            <ns3:atemp>8.0</ns3:atemp>
            <ns3:hr>165</ns3:hr>
          </ns3:TrackPointExtension>
        </extensions>
      </trkpt>
      <trkpt lat="-45.02789874561131" lon="168.6485149338841438">
        <ele>667.20001220703125</ele>
        <time>2026-09-30T21:38:47.000Z</time>
        <extensions>
          <ns3:TrackPointExtension>
            <ns3:atemp>8.0</ns3:atemp>
            <ns3:hr>165</ns3:hr>
          </ns3:TrackPointExtension>
        </extensions>
      </trkpt>
      <trkpt lat="-45.0278234761208296" lon="168.6485415045171976">
        <ele>666.20001220703125</ele>
        <time>2026-09-30T21:38:48.000Z</time>
        <extensions>
          <ns3:TrackPointExtension>
            <ns3:atemp>8.0</ns3:atemp>
            <ns3:hr>165</ns3:hr>
          </ns3:TrackPointExtension>
        </extensions>
      </trkpt>
      <trkpt lat="-45.0277780462056398" lon="168.648567320778966">
        <ele>665.20001220703125</ele>
        <time>2026-09-30T21:38:49.000Z</time>
        <extensions>
          <ns3:TrackPointExtension>
            <ns3:atemp>8.0</ns3:atemp>
            <ns3:hr>165</ns3:hr>
          </ns3:TrackPointExtension>
        </extensions>
      </trkpt>
      <trkpt lat="-45.0277134217321873" lon="168.6485895328223705">
        <ele>664.4000244140625</ele>
        <time>2026-09-30T21:38:50.000Z</time>
        <extensions>
          <ns3:TrackPointExtension>
            <ns3:atemp>8.0</ns3:atemp>
            <ns3:hr>164</ns3:hr>
          </ns3:TrackPointExtension>
        </extensions>
      </trkpt>
      <trkpt lat="-45.0276682432740927" lon="168.6485887784510851">
        <ele>663.5999755859375</ele>
        <time>2026-09-30T21:38:51.000Z</time>
        <extensions>
          <ns3:TrackPointExtension>
            <ns3:atemp>8.0</ns3:atemp>
            <ns3:hr>163</ns3:hr>
          </ns3:TrackPointExtension>
        </extensions>
      </trkpt>
      <trkpt lat="-45.0275937281548977" lon="168.6485895328223705">
        <ele>662.5999755859375</ele>
        <time>2026-09-30T21:38:52.000Z</time>
        <extensions>
          <ns3:TrackPointExtension>
            <ns3:atemp>8.0</ns3:atemp>
            <ns3:hr>161</ns3:hr>
          </ns3:TrackPointExtension>
        </extensions>
      </trkpt>
      <trkpt lat="-45.0275497231632471" lon="168.6486560851335526">
        <ele>661.79998779296875</ele>
        <time>2026-09-30T21:38:53.000Z</time>
        <extensions>
          <ns3:TrackPointExtension>
            <ns3:atemp>8.0</ns3:atemp>
            <ns3:hr>161</ns3:hr>
          </ns3:TrackPointExtension>
        </extensions>
      </trkpt>
      <trkpt lat="-45.0275510642677546" lon="168.6487637087702751">
        <ele>660.79998779296875</ele>
        <time>2026-09-30T21:38:54.000Z</time>
        <extensions>
          <ns3:TrackPointExtension>
            <ns3:atemp>8.0</ns3:atemp>
            <ns3:hr>160</ns3:hr>
          </ns3:TrackPointExtension>
        </extensions>
      </trkpt>
      <trkpt lat="-45.0275502260774374" lon="168.6488321051001549">
        <ele>660.0</ele>
        <time>2026-09-30T21:38:55.000Z</time>
        <extensions>
          <ns3:TrackPointExtension>
            <ns3:atemp>8.0</ns3:atemp>
            <ns3:hr>160</ns3:hr>
          </ns3:TrackPointExtension>
        </extensions>
      </trkpt>
      <trkpt lat="-45.0275974161922932" lon="168.6489046085625887">
        <ele>659.20001220703125</ele>
        <time>2026-09-30T21:38:56.000Z</time>
        <extensions>
          <ns3:TrackPointExtension>
            <ns3:atemp>8.0</ns3:atemp>
            <ns3:hr>160</ns3:hr>
          </ns3:TrackPointExtension>
        </extensions>
      </trkpt>
      <trkpt lat="-45.0276034511625767" lon="168.6489889305084944">
        <ele>658.20001220703125</ele>
        <time>2026-09-30T21:38:57.000Z</time>
        <extensions>
          <ns3:TrackPointExtension>
            <ns3:atemp>8.0</ns3:atemp>
            <ns3:hr>158</ns3:hr>
          </ns3:TrackPointExtension>
        </extensions>
      </trkpt>
      <trkpt lat="-45.0276511441916227" lon="168.6490396410226822">
        <ele>657.4000244140625</ele>
        <time>2026-09-30T21:38:58.000Z</time>
        <extensions>
          <ns3:TrackPointExtension>
            <ns3:atemp>8.0</ns3:atemp>
            <ns3:hr>158</ns3:hr>
          </ns3:TrackPointExtension>
        </extensions>
      </trkpt>
      <trkpt lat="-45.0277147628366947" lon="168.6490752641111612">
        <ele>656.4000244140625</ele>
        <time>2026-09-30T21:38:59.000Z</time>
        <extensions>
          <ns3:TrackPointExtension>
            <ns3:atemp>8.0</ns3:atemp>
            <ns3:hr>158</ns3:hr>
          </ns3:TrackPointExtension>
        </extensions>
      </trkpt>
      <trkpt lat="-45.0277597736567259" lon="168.6491393018513918">
        <ele>655.5999755859375</ele>
        <time>2026-09-30T21:39:00.000Z</time>
        <extensions>
          <ns3:TrackPointExtension>
            <ns3:atemp>8.0</ns3:atemp>
            <ns3:hr>158</ns3:hr>
          </ns3:TrackPointExtension>
        </extensions>
      </trkpt>
      <trkpt lat="-45.0277760345488787" lon="168.6492122244089842">
        <ele>654.4000244140625</ele>
        <time>2026-09-30T21:39:01.000Z</time>
        <extensions>
          <ns3:TrackPointExtension>
            <ns3:atemp>8.0</ns3:atemp>
            <ns3:hr>157</ns3:hr>
          </ns3:TrackPointExtension>
        </extensions>
      </trkpt>
      <trkpt lat="-45.0278523098677397" lon="168.6492356099188328">
        <ele>653.5999755859375</ele>
        <time>2026-09-30T21:39:02.000Z</time>
        <extensions>
          <ns3:TrackPointExtension>
            <ns3:atemp>8.0</ns3:atemp>
            <ns3:hr>157</ns3:hr>
          </ns3:TrackPointExtension>
        </extensions>
      </trkpt>
      <trkpt lat="-45.0279232207685709" lon="168.6493013240396976">
        <ele>652.79998779296875</ele>
        <time>2026-09-30T21:39:03.000Z</time>
        <extensions>
          <ns3:TrackPointExtension>
            <ns3:atemp>8.0</ns3:atemp>
            <ns3:hr>158</ns3:hr>
          </ns3:TrackPointExtension>
        </extensions>
      </trkpt>
      <trkpt lat="-45.0279704947024584" lon="168.649340383708477">
        <ele>652.0</ele>
        <time>2026-09-30T21:39:04.000Z</time>
        <extensions>
          <ns3:TrackPointExtension>
            <ns3:atemp>8.0</ns3:atemp>
            <ns3:hr>157</ns3:hr>
          </ns3:TrackPointExtension>
        </extensions>
      </trkpt>
      <trkpt lat="-45.0280327722430229" lon="168.6493365280330181">
        <ele>651.0</ele>
        <time>2026-09-30T21:39:05.000Z</time>
        <extensions>
          <ns3:TrackPointExtension>
            <ns3:atemp>8.0</ns3:atemp>
            <ns3:hr>157</ns3:hr>
          </ns3:TrackPointExtension>
        </extensions>
      </trkpt>
      <trkpt lat="-45.0280585046857595" lon="168.6493553034961224">
        <ele>650.0</ele>
        <time>2026-09-30T21:39:06.000Z</time>
        <extensions>
          <ns3:TrackPointExtension>
            <ns3:atemp>8.0</ns3:atemp>
            <ns3:hr>157</ns3:hr>
          </ns3:TrackPointExtension>
        </extensions>
      </trkpt>
      <trkpt lat="-45.0281227938830853" lon="168.6493997275829315">
        <ele>649.4000244140625</ele>
        <time>2026-09-30T21:39:07.000Z</time>
        <extensions>
          <ns3:TrackPointExtension>
            <ns3:atemp>8.0</ns3:atemp>
            <ns3:hr>157</ns3:hr>
          </ns3:TrackPointExtension>
        </extensions>
      </trkpt>
      <trkpt lat="-45.0281700678169727" lon="168.6494095344096422">
        <ele>648.4000244140625</ele>
        <time>2026-09-30T21:39:08.000Z</time>
        <extensions>
          <ns3:TrackPointExtension>
            <ns3:atemp>8.0</ns3:atemp>
            <ns3:hr>156</ns3:hr>
          </ns3:TrackPointExtension>
        </extensions>
      </trkpt>
      <trkpt lat="-45.0282520428299904" lon="168.6494340095669031">
        <ele>647.4000244140625</ele>
        <time>2026-09-30T21:39:09.000Z</time>
        <extensions>
          <ns3:TrackPointExtension>
            <ns3:atemp>8.0</ns3:atemp>
            <ns3:hr>156</ns3:hr>
          </ns3:TrackPointExtension>
        </extensions>
      </trkpt>
      <trkpt lat="-45.0283154938369989" lon="168.6494332551956177">
        <ele>646.4000244140625</ele>
        <time>2026-09-30T21:39:10.000Z</time>
        <extensions>
          <ns3:TrackPointExtension>
            <ns3:atemp>8.0</ns3:atemp>
            <ns3:hr>156</ns3:hr>
          </ns3:TrackPointExtension>
        </extensions>
      </trkpt>
      <trkpt lat="-45.0283563137054443" lon="168.6494498513638973">
        <ele>645.4000244140625</ele>
        <time>2026-09-30T21:39:11.000Z</time>
        <extensions>
          <ns3:TrackPointExtension>
            <ns3:atemp>8.0</ns3:atemp>
            <ns3:hr>156</ns3:hr>
          </ns3:TrackPointExtension>
        </extensions>
      </trkpt>
      <trkpt lat="-45.0284111313521862" lon="168.6494424752891064">
        <ele>644.5999755859375</ele>
        <time>2026-09-30T21:39:12.000Z</time>
        <extensions>
          <ns3:TrackPointExtension>
            <ns3:atemp>8.0</ns3:atemp>
            <ns3:hr>156</ns3:hr>
          </ns3:TrackPointExtension>
        </extensions>
      </trkpt>
      <trkpt lat="-45.0284853111952543" lon="168.6494404636323452">
        <ele>643.79998779296875</ele>
        <time>2026-09-30T21:39:13.000Z</time>
        <extensions>
          <ns3:TrackPointExtension>
            <ns3:atemp>8.0</ns3:atemp>
            <ns3:hr>156</ns3:hr>
          </ns3:TrackPointExtension>
        </extensions>
      </trkpt>
      <trkpt lat="-45.0285242032259703" lon="168.6494840495288372">
        <ele>642.5999755859375</ele>
        <time>2026-09-30T21:39:14.000Z</time>
        <extensions>
          <ns3:TrackPointExtension>
            <ns3:atemp>8.0</ns3:atemp>
            <ns3:hr>156</ns3:hr>
          </ns3:TrackPointExtension>
        </extensions>
      </trkpt>
      <trkpt lat="-45.0285788532346487" lon="168.6494965385645628">
        <ele>641.5999755859375</ele>
        <time>2026-09-30T21:39:15.000Z</time>
        <extensions>
          <ns3:TrackPointExtension>
            <ns3:atemp>8.0</ns3:atemp>
            <ns3:hr>156</ns3:hr>
          </ns3:TrackPointExtension>
        </extensions>
      </trkpt>
      <trkpt lat="-45.0286444835364819" lon="168.6494881566613913">
        <ele>640.5999755859375</ele>
        <time>2026-09-30T21:39:16.000Z</time>
        <extensions>
          <ns3:TrackPointExtension>
            <ns3:atemp>8.0</ns3:atemp>
            <ns3:hr>158</ns3:hr>
          </ns3:TrackPointExtension>
        </extensions>
      </trkpt>
      <trkpt lat="-45.028707180172205" lon="168.6495174933224916">
        <ele>639.4000244140625</ele>
        <time>2026-09-30T21:39:17.000Z</time>
        <extensions>
          <ns3:TrackPointExtension>
            <ns3:atemp>8.0</ns3:atemp>
            <ns3:hr>159</ns3:hr>
          </ns3:TrackPointExtension>
        </extensions>
      </trkpt>
      <trkpt lat="-45.0287630036473274" lon="168.6495099496096373">
        <ele>638.4000244140625</ele>
        <time>2026-09-30T21:39:18.000Z</time>
        <extensions>
          <ns3:TrackPointExtension>
            <ns3:atemp>8.0</ns3:atemp>
            <ns3:hr>159</ns3:hr>
          </ns3:TrackPointExtension>
        </extensions>
      </trkpt>
      <trkpt lat="-45.0287785101681948" lon="168.6495166551321745">
        <ele>637.4000244140625</ele>
        <time>2026-09-30T21:39:19.000Z</time>
        <extensions>
          <ns3:TrackPointExtension>
            <ns3:atemp>8.0</ns3:atemp>
            <ns3:hr>160</ns3:hr>
          </ns3:TrackPointExtension>
        </extensions>
      </trkpt>
      <trkpt lat="-45.0288296397775412" lon="168.6495765019208193">
        <ele>636.4000244140625</ele>
        <time>2026-09-30T21:39:20.000Z</time>
        <extensions>
          <ns3:TrackPointExtension>
            <ns3:atemp>8.0</ns3:atemp>
            <ns3:hr>161</ns3:hr>
          </ns3:TrackPointExtension>
        </extensions>
      </trkpt>
      <trkpt lat="-45.0289201643317938" lon="168.6495439801365137">
        <ele>635.20001220703125</ele>
        <time>2026-09-30T21:39:21.000Z</time>
        <extensions>
          <ns3:TrackPointExtension>
            <ns3:atemp>8.0</ns3:atemp>
            <ns3:hr>161</ns3:hr>
          </ns3:TrackPointExtension>
        </extensions>
      </trkpt>
      <trkpt lat="-45.0289382692426443" lon="168.6495546251535416">
        <ele>634.0</ele>
        <time>2026-09-30T21:39:22.000Z</time>
        <extensions>
          <ns3:TrackPointExtension>
            <ns3:atemp>8.0</ns3:atemp>
            <ns3:hr>160</ns3:hr>
          </ns3:TrackPointExtension>
        </extensions>
      </trkpt>
      <trkpt lat="-45.0289891473948956" lon="168.6495664436370134">
        <ele>633.0</ele>
        <time>2026-09-30T21:39:23.000Z</time>
        <extensions>
          <ns3:TrackPointExtension>
            <ns3:atemp>8.0</ns3:atemp>
            <ns3:hr>159</ns3:hr>
          </ns3:TrackPointExtension>
        </extensions>
      </trkpt>
      <trkpt lat="-45.029037008062005" lon="168.6495855543762445">
        <ele>632.0</ele>
        <time>2026-09-30T21:39:24.000Z</time>
        <extensions>
          <ns3:TrackPointExtension>
            <ns3:atemp>8.0</ns3:atemp>
            <ns3:hr>158</ns3:hr>
          </ns3:TrackPointExtension>
        </extensions>
      </trkpt>
      <trkpt lat="-45.0290717929601669" lon="168.6496153101325035">
        <ele>630.79998779296875</ele>
        <time>2026-09-30T21:39:25.000Z</time>
        <extensions>
          <ns3:TrackPointExtension>
            <ns3:atemp>8.0</ns3:atemp>
            <ns3:hr>158</ns3:hr>
          </ns3:TrackPointExtension>
        </extensions>
      </trkpt>
      <trkpt lat="-45.0291259400546551" lon="168.6495987139642239">
        <ele>629.79998779296875</ele>
        <time>2026-09-30T21:39:26.000Z</time>
        <extensions>
          <ns3:TrackPointExtension>
            <ns3:atemp>8.0</ns3:atemp>
            <ns3:hr>159</ns3:hr>
          </ns3:TrackPointExtension>
        </extensions>
      </trkpt>
      <trkpt lat="-45.0291837751865387" lon="168.6496158968657255">
        <ele>628.79998779296875</ele>
        <time>2026-09-30T21:39:27.000Z</time>
        <extensions>
          <ns3:TrackPointExtension>
            <ns3:atemp>8.0</ns3:atemp>
            <ns3:hr>158</ns3:hr>
          </ns3:TrackPointExtension>
        </extensions>
      </trkpt>
      <trkpt lat="-45.0292499922215939" lon="168.6496146395802498">
        <ele>627.79998779296875</ele>
        <time>2026-09-30T21:39:28.000Z</time>
        <extensions>
          <ns3:TrackPointExtension>
            <ns3:atemp>8.0</ns3:atemp>
            <ns3:hr>157</ns3:hr>
          </ns3:TrackPointExtension>
        </extensions>
      </trkpt>
      <trkpt lat="-45.0293213222175837" lon="168.6496636737138033">
        <ele>626.79998779296875</ele>
        <time>2026-09-30T21:39:29.000Z</time>
        <extensions>
          <ns3:TrackPointExtension>
            <ns3:atemp>8.0</ns3:atemp>
            <ns3:hr>158</ns3:hr>
          </ns3:TrackPointExtension>
        </extensions>
      </trkpt>
      <trkpt lat="-45.0293524190783501" lon="168.6496733967214823">
        <ele>625.5999755859375</ele>
        <time>2026-09-30T21:39:30.000Z</time>
        <extensions>
          <ns3:TrackPointExtension>
            <ns3:atemp>8.0</ns3:atemp>
            <ns3:hr>158</ns3:hr>
          </ns3:TrackPointExtension>
        </extensions>
      </trkpt>
      <trkpt lat="-45.0293968431651592" lon="168.6497271247208118">
        <ele>624.5999755859375</ele>
        <time>2026-09-30T21:39:31.000Z</time>
        <extensions>
          <ns3:TrackPointExtension>
            <ns3:atemp>8.0</ns3:atemp>
            <ns3:hr>157</ns3:hr>
          </ns3:TrackPointExtension>
        </extensions>
      </trkpt>
      <trkpt lat="-45.0293991900980473" lon="168.6497731413692236">
        <ele>623.4000244140625</ele>
        <time>2026-09-30T21:39:32.000Z</time>
        <extensions>
          <ns3:TrackPointExtension>
            <ns3:atemp>8.0</ns3:atemp>
            <ns3:hr>157</ns3:hr>
          </ns3:TrackPointExtension>
        </extensions>
      </trkpt>
      <trkpt lat="-45.0293820071965456" lon="168.6498461477458477">
        <ele>622.20001220703125</ele>
        <time>2026-09-30T21:39:33.000Z</time>
        <extensions>
          <ns3:TrackPointExtension>
            <ns3:atemp>8.0</ns3:atemp>
            <ns3:hr>156</ns3:hr>
          </ns3:TrackPointExtension>
        </extensions>
      </trkpt>
      <trkpt lat="-45.0293622259050608" lon="168.6498904880136251">
        <ele>621.0</ele>
        <time>2026-09-30T21:39:34.000Z</time>
        <extensions>
          <ns3:TrackPointExtension>
            <ns3:atemp>8.0</ns3:atemp>
            <ns3:hr>155</ns3:hr>
          </ns3:TrackPointExtension>
        </extensions>
      </trkpt>
      <trkpt lat="-45.0293432828038931" lon="168.6499549448490143">
        <ele>620.0</ele>
        <time>2026-09-30T21:39:35.000Z</time>
        <extensions>
          <ns3:TrackPointExtension>
            <ns3:atemp>8.0</ns3:atemp>
            <ns3:hr>155</ns3:hr>
          </ns3:TrackPointExtension>
        </extensions>
      </trkpt>
      <trkpt lat="-45.0292745511978865" lon="168.6500267777591944">
        <ele>618.79998779296875</ele>
        <time>2026-09-30T21:39:36.000Z</time>
        <extensions>
          <ns3:TrackPointExtension>
            <ns3:atemp>8.0</ns3:atemp>
            <ns3:hr>155</ns3:hr>
          </ns3:TrackPointExtension>
        </extensions>
      </trkpt>
      <trkpt lat="-45.029251417145133" lon="168.650066927075386">
        <ele>617.79998779296875</ele>
        <time>2026-09-30T21:39:37.000Z</time>
        <extensions>
          <ns3:TrackPointExtension>
            <ns3:atemp>8.0</ns3:atemp>
            <ns3:hr>155</ns3:hr>
          </ns3:TrackPointExtension>
        </extensions>
      </trkpt>
      <trkpt lat="-45.0292093399912119" lon="168.650120822712779">
        <ele>616.5999755859375</ele>
        <time>2026-09-30T21:39:38.000Z</time>
        <extensions>
          <ns3:TrackPointExtension>
            <ns3:atemp>8.0</ns3:atemp>
            <ns3:hr>153</ns3:hr>
          </ns3:TrackPointExtension>
        </extensions>
      </trkpt>
      <trkpt lat="-45.0291535165160894" lon="168.6501514166593552">
        <ele>615.20001220703125</ele>
        <time>2026-09-30T21:39:39.000Z</time>
        <extensions>
          <ns3:TrackPointExtension>
            <ns3:atemp>8.0</ns3:atemp>
            <ns3:hr>154</ns3:hr>
          </ns3:TrackPointExtension>
        </extensions>
      </trkpt>
      <trkpt lat="-45.0291162170469761" lon="168.6501526739448309">
        <ele>614.20001220703125</ele>
        <time>2026-09-30T21:39:40.000Z</time>
        <extensions>
          <ns3:TrackPointExtension>
            <ns3:atemp>8.0</ns3:atemp>
            <ns3:hr>154</ns3:hr>
          </ns3:TrackPointExtension>
        </extensions>
      </trkpt>
      <trkpt lat="-45.0290591362863779" lon="168.6501846928149462">
        <ele>613.20001220703125</ele>
        <time>2026-09-30T21:39:41.000Z</time>
        <extensions>
          <ns3:TrackPointExtension>
            <ns3:atemp>8.0</ns3:atemp>
            <ns3:hr>154</ns3:hr>
          </ns3:TrackPointExtension>
        </extensions>
      </trkpt>
      <trkpt lat="-45.0289967749267817" lon="168.6502208188176155">
        <ele>611.79998779296875</ele>
        <time>2026-09-30T21:39:42.000Z</time>
        <extensions>
          <ns3:TrackPointExtension>
            <ns3:atemp>8.0</ns3:atemp>
            <ns3:hr>155</ns3:hr>
          </ns3:TrackPointExtension>
        </extensions>
      </trkpt>
      <trkpt lat="-45.0289562065154314" lon="168.6502524185925722">
        <ele>611.0</ele>
        <time>2026-09-30T21:39:43.000Z</time>
        <extensions>
          <ns3:TrackPointExtension>
            <ns3:atemp>8.0</ns3:atemp>
            <ns3:hr>155</ns3:hr>
          </ns3:TrackPointExtension>
        </extensions>
      </trkpt>
      <trkpt lat="-45.0288911629468203" lon="168.6502632312476635">
        <ele>610.0</ele>
        <time>2026-09-30T21:39:44.000Z</time>
        <extensions>
          <ns3:TrackPointExtension>
            <ns3:atemp>8.0</ns3:atemp>
            <ns3:hr>155</ns3:hr>
          </ns3:TrackPointExtension>
        </extensions>
      </trkpt>
      <trkpt lat="-45.0288376025855541" lon="168.6503105890005827">
        <ele>609.4000244140625</ele>
        <time>2026-09-30T21:39:45.000Z</time>
        <extensions>
          <ns3:TrackPointExtension>
            <ns3:atemp>8.0</ns3:atemp>
            <ns3:hr>155</ns3:hr>
          </ns3:TrackPointExtension>
        </extensions>
      </trkpt>
      <trkpt lat="-45.0287644285708666" lon="168.6503055598586798">
        <ele>609.0</ele>
        <time>2026-09-30T21:39:46.000Z</time>
        <extensions>
          <ns3:TrackPointExtension>
            <ns3:atemp>8.0</ns3:atemp>
            <ns3:hr>154</ns3:hr>
          </ns3:TrackPointExtension>
        </extensions>
      </trkpt>
      <trkpt lat="-45.0286983791738749" lon="168.6503192223608494">
        <ele>608.0</ele>
        <time>2026-09-30T21:39:47.000Z</time>
        <extensions>
          <ns3:TrackPointExtension>
            <ns3:atemp>8.0</ns3:atemp>
            <ns3:hr>155</ns3:hr>
          </ns3:TrackPointExtension>
        </extensions>
      </trkpt>
      <trkpt lat="-45.0286643486469984" lon="168.6503094155341387">
        <ele>607.5999755859375</ele>
        <time>2026-09-30T21:39:48.000Z</time>
        <extensions>
          <ns3:TrackPointExtension>
            <ns3:atemp>8.0</ns3:atemp>
            <ns3:hr>156</ns3:hr>
          </ns3:TrackPointExtension>
        </extensions>
      </trkpt>
      <trkpt lat="-45.0285916775465012" lon="168.6503348965197802">
        <ele>607.0</ele>
        <time>2026-09-30T21:39:49.000Z</time>
        <extensions>
          <ns3:TrackPointExtension>
            <ns3:atemp>8.0</ns3:atemp>
            <ns3:hr>155</ns3:hr>
          </ns3:TrackPointExtension>
        </extensions>
      </trkpt>
      <trkpt lat="-45.0285242032259703" lon="168.6503294482827187">
        <ele>606.20001220703125</ele>
        <time>2026-09-30T21:39:50.000Z</time>
        <extensions>
          <ns3:TrackPointExtension>
            <ns3:atemp>8.0</ns3:atemp>
            <ns3:hr>155</ns3:hr>
          </ns3:TrackPointExtension>
        </extensions>
      </trkpt>
      <trkpt lat="-45.0284377858042717" lon="168.6503727827221155">
        <ele>605.0</ele>
        <time>2026-09-30T21:39:51.000Z</time>
        <extensions>
          <ns3:TrackPointExtension>
            <ns3:atemp>8.0</ns3:atemp>
            <ns3:hr>155</ns3:hr>
          </ns3:TrackPointExtension>
        </extensions>
      </trkpt>
      <trkpt lat="-45.028373496606946" lon="168.6503723636269569">
        <ele>604.20001220703125</ele>
        <time>2026-09-30T21:39:52.000Z</time>
        <extensions>
          <ns3:TrackPointExtension>
            <ns3:atemp>8.0</ns3:atemp>
            <ns3:hr>154</ns3:hr>
          </ns3:TrackPointExtension>
        </extensions>
      </trkpt>
      <trkpt lat="-45.0283015798777342" lon="168.6504004430025816">
        <ele>603.20001220703125</ele>
        <time>2026-09-30T21:39:53.000Z</time>
        <extensions>
          <ns3:TrackPointExtension>
            <ns3:atemp>8.0</ns3:atemp>
            <ns3:hr>154</ns3:hr>
          </ns3:TrackPointExtension>
        </extensions>
      </trkpt>
      <trkpt lat="-45.0282348599284887" lon="168.6504004430025816">
        <ele>602.5999755859375</ele>
        <time>2026-09-30T21:39:54.000Z</time>
        <extensions>
          <ns3:TrackPointExtension>
            <ns3:atemp>8.0</ns3:atemp>
            <ns3:hr>154</ns3:hr>
          </ns3:TrackPointExtension>
        </extensions>
      </trkpt>
      <trkpt lat="-45.0281818024814129" lon="168.650411507114768">
        <ele>601.79998779296875</ele>
        <time>2026-09-30T21:39:55.000Z</time>
        <extensions>
          <ns3:TrackPointExtension>
            <ns3:atemp>8.0</ns3:atemp>
            <ns3:hr>154</ns3:hr>
          </ns3:TrackPointExtension>
        </extensions>
      </trkpt>
      <trkpt lat="-45.0281134899705648" lon="168.6504466272890568">
        <ele>601.0</ele>
        <time>2026-09-30T21:39:56.000Z</time>
        <extensions>
          <ns3:TrackPointExtension>
            <ns3:atemp>8.0</ns3:atemp>
            <ns3:hr>154</ns3:hr>
          </ns3:TrackPointExtension>
        </extensions>
      </trkpt>
      <trkpt lat="-45.0280611030757427" lon="168.6504467949271202">
        <ele>600.20001220703125</ele>
        <time>2026-09-30T21:39:57.000Z</time>
        <extensions>
          <ns3:TrackPointExtension>
            <ns3:atemp>8.0</ns3:atemp>
            <ns3:hr>154</ns3:hr>
          </ns3:TrackPointExtension>
        </extensions>
      </trkpt>
      <trkpt lat="-45.0279833190143108" lon="168.6505211424082518">
        <ele>599.4000244140625</ele>
        <time>2026-09-30T21:39:58.000Z</time>
        <extensions>
          <ns3:TrackPointExtension>
            <ns3:atemp>8.0</ns3:atemp>
            <ns3:hr>154</ns3:hr>
          </ns3:TrackPointExtension>
        </extensions>
      </trkpt>
      <trkpt lat="-45.0279157608747482" lon="168.6505026184022427">
        <ele>598.20001220703125</ele>
        <time>2026-09-30T21:39:59.000Z</time>
        <extensions>
          <ns3:TrackPointExtension>
            <ns3:atemp>8.0</ns3:atemp>
            <ns3:hr>152</ns3:hr>
          </ns3:TrackPointExtension>
        </extensions>
      </trkpt>
      <trkpt lat="-45.0278421677649021" lon="168.6505347210913897">
        <ele>597.79998779296875</ele>
        <time>2026-09-30T21:40:00.000Z</time>
        <extensions>
          <ns3:TrackPointExtension>
            <ns3:atemp>8.0</ns3:atemp>
            <ns3:hr>152</ns3:hr>
          </ns3:TrackPointExtension>
        </extensions>
      </trkpt>
      <trkpt lat="-45.0277774594724178" lon="168.6505701765418053">
        <ele>596.79998779296875</ele>
        <time>2026-09-30T21:40:01.000Z</time>
        <extensions>
          <ns3:TrackPointExtension>
            <ns3:atemp>8.0</ns3:atemp>
            <ns3:hr>152</ns3:hr>
          </ns3:TrackPointExtension>
        </extensions>
      </trkpt>
      <trkpt lat="-45.0276947300881147" lon="168.6506024468690157">
        <ele>596.0</ele>
        <time>2026-09-30T21:40:02.000Z</time>
        <extensions>
          <ns3:TrackPointExtension>
            <ns3:atemp>8.0</ns3:atemp>
            <ns3:hr>152</ns3:hr>
          </ns3:TrackPointExtension>
        </extensions>
      </trkpt>
      <trkpt lat="-45.0276499707251787" lon="168.6506073083728552">
        <ele>595.20001220703125</ele>
        <time>2026-09-30T21:40:03.000Z</time>
        <extensions>
          <ns3:TrackPointExtension>
            <ns3:atemp>8.0</ns3:atemp>
            <ns3:hr>152</ns3:hr>
          </ns3:TrackPointExtension>
        </extensions>
      </trkpt>
      <trkpt lat="-45.0275949854403734" lon="168.6506634671241045">
        <ele>594.79998779296875</ele>
        <time>2026-09-30T21:40:04.000Z</time>
        <extensions>
          <ns3:TrackPointExtension>
            <ns3:atemp>8.0</ns3:atemp>
            <ns3:hr>151</ns3:hr>
          </ns3:TrackPointExtension>
        </extensions>
      </trkpt>
      <trkpt lat="-45.0275210570544004" lon="168.6506864335387945">
        <ele>594.0</ele>
        <time>2026-09-30T21:40:05.000Z</time>
        <extensions>
          <ns3:TrackPointExtension>
            <ns3:atemp>8.0</ns3:atemp>
            <ns3:hr>151</ns3:hr>
          </ns3:TrackPointExtension>
        </extensions>
      </trkpt>
      <trkpt lat="-45.027456684038043" lon="168.6507203802466393">
        <ele>593.4000244140625</ele>
        <time>2026-09-30T21:40:06.000Z</time>
        <extensions>
          <ns3:TrackPointExtension>
            <ns3:atemp>8.0</ns3:atemp>
            <ns3:hr>151</ns3:hr>
          </ns3:TrackPointExtension>
        </extensions>
      </trkpt>
      <trkpt lat="-45.0274042133241892" lon="168.6507229786366224">
        <ele>592.79998779296875</ele>
        <time>2026-09-30T21:40:07.000Z</time>
        <extensions>
          <ns3:TrackPointExtension>
            <ns3:atemp>8.0</ns3:atemp>
            <ns3:hr>152</ns3:hr>
          </ns3:TrackPointExtension>
        </extensions>
      </trkpt>
      <trkpt lat="-45.0273182149976492" lon="168.6507358867675066">
        <ele>592.20001220703125</ele>
        <time>2026-09-30T21:40:08.000Z</time>
        <extensions>
          <ns3:TrackPointExtension>
            <ns3:atemp>8.0</ns3:atemp>
            <ns3:hr>151</ns3:hr>
          </ns3:TrackPointExtension>
        </extensions>
      </trkpt>
      <trkpt lat="-45.0272825080901384" lon="168.6507346294820309">
        <ele>591.4000244140625</ele>
        <time>2026-09-30T21:40:09.000Z</time>
        <extensions>
          <ns3:TrackPointExtension>
            <ns3:atemp>8.0</ns3:atemp>
            <ns3:hr>150</ns3:hr>
          </ns3:TrackPointExtension>
        </extensions>
      </trkpt>
      <trkpt lat="-45.0272100884467363" lon="168.6507736053317785">
        <ele>590.79998779296875</ele>
        <time>2026-09-30T21:40:10.000Z</time>
        <extensions>
          <ns3:TrackPointExtension>
            <ns3:atemp>8.0</ns3:atemp>
            <ns3:hr>150</ns3:hr>
          </ns3:TrackPointExtension>
        </extensions>
      </trkpt>
      <trkpt lat="-45.0271319691091776" lon="168.6508026905357838">
        <ele>590.20001220703125</ele>
        <time>2026-09-30T21:40:11.000Z</time>
        <extensions>
          <ns3:TrackPointExtension>
            <ns3:atemp>8.0</ns3:atemp>
            <ns3:hr>149</ns3:hr>
          </ns3:TrackPointExtension>
        </extensions>
      </trkpt>
      <trkpt lat="-45.0270996149629354" lon="168.6508860904723406">
        <ele>589.20001220703125</ele>
        <time>2026-09-30T21:40:12.000Z</time>
        <extensions>
          <ns3:TrackPointExtension>
            <ns3:atemp>8.0</ns3:atemp>
            <ns3:hr>150</ns3:hr>
          </ns3:TrackPointExtension>
        </extensions>
      </trkpt>
      <trkpt lat="-45.0271093379706144" lon="168.6509757768362761">
        <ele>588.5999755859375</ele>
        <time>2026-09-30T21:40:13.000Z</time>
        <extensions>
          <ns3:TrackPointExtension>
            <ns3:atemp>8.0</ns3:atemp>
            <ns3:hr>150</ns3:hr>
          </ns3:TrackPointExtension>
        </extensions>
      </trkpt>
      <trkpt lat="-45.0271273590624332" lon="168.6510620266199112">
        <ele>587.5999755859375</ele>
        <time>2026-09-30T21:40:14.000Z</time>
        <extensions>
          <ns3:TrackPointExtension>
            <ns3:atemp>8.0</ns3:atemp>
            <ns3:hr>149</ns3:hr>
          </ns3:TrackPointExtension>
        </extensions>
      </trkpt>
      <trkpt lat="-45.0271706935018301" lon="168.6511501204222441">
        <ele>587.0</ele>
        <time>2026-09-30T21:40:15.000Z</time>
        <extensions>
          <ns3:TrackPointExtension>
            <ns3:atemp>8.0</ns3:atemp>
            <ns3:hr>149</ns3:hr>
          </ns3:TrackPointExtension>
        </extensions>
      </trkpt>
      <trkpt lat="-45.0272209849208593" lon="168.6512111406773329">
        <ele>586.4000244140625</ele>
        <time>2026-09-30T21:40:16.000Z</time>
        <extensions>
          <ns3:TrackPointExtension>
            <ns3:atemp>8.0</ns3:atemp>
            <ns3:hr>148</ns3:hr>
          </ns3:TrackPointExtension>
        </extensions>
      </trkpt>
      <trkpt lat="-45.0272780656814575" lon="168.6512910202145576">
        <ele>585.4000244140625</ele>
        <time>2026-09-30T21:40:17.000Z</time>
        <extensions>
          <ns3:TrackPointExtension>
            <ns3:atemp>8.0</ns3:atemp>
            <ns3:hr>148</ns3:hr>
          </ns3:TrackPointExtension>
        </extensions>
      </trkpt>
      <trkpt lat="-45.0273281056433916" lon="168.6513214465230703">
        <ele>584.4000244140625</ele>
        <time>2026-09-30T21:40:18.000Z</time>
        <extensions>
          <ns3:TrackPointExtension>
            <ns3:atemp>8.0</ns3:atemp>
            <ns3:hr>149</ns3:hr>
          </ns3:TrackPointExtension>
        </extensions>
      </trkpt>
      <trkpt lat="-45.0273599568754435" lon="168.6513758450746536">
        <ele>583.20001220703125</ele>
        <time>2026-09-30T21:40:19.000Z</time>
        <extensions>
          <ns3:TrackPointExtension>
            <ns3:atemp>8.0</ns3:atemp>
            <ns3:hr>150</ns3:hr>
          </ns3:TrackPointExtension>
        </extensions>
      </trkpt>
      <trkpt lat="-45.0274191331118345" lon="168.6513835564255714">
        <ele>582.0</ele>
        <time>2026-09-30T21:40:20.000Z</time>
        <extensions>
          <ns3:TrackPointExtension>
            <ns3:atemp>8.0</ns3:atemp>
            <ns3:hr>151</ns3:hr>
          </ns3:TrackPointExtension>
        </extensions>
      </trkpt>
      <trkpt lat="-45.0274511519819498" lon="168.6514430679380894">
        <ele>580.79998779296875</ele>
        <time>2026-09-30T21:40:21.000Z</time>
        <extensions>
          <ns3:TrackPointExtension>
            <ns3:atemp>8.0</ns3:atemp>
            <ns3:hr>151</ns3:hr>
          </ns3:TrackPointExtension>
        </extensions>
      </trkpt>
      <trkpt lat="-45.0275120884180069" lon="168.6514445766806602">
        <ele>579.4000244140625</ele>
        <time>2026-09-30T21:40:22.000Z</time>
        <extensions>
          <ns3:TrackPointExtension>
            <ns3:atemp>8.0</ns3:atemp>
            <ns3:hr>152</ns3:hr>
          </ns3:TrackPointExtension>
        </extensions>
      </trkpt>
      <trkpt lat="-45.0275410898029804" lon="168.6514770146459341">
        <ele>578.0</ele>
        <time>2026-09-30T21:40:23.000Z</time>
        <extensions>
          <ns3:TrackPointExtension>
            <ns3:atemp>8.0</ns3:atemp>
            <ns3:hr>154</ns3:hr>
          </ns3:TrackPointExtension>
        </extensions>
      </trkpt>
      <trkpt lat="-45.0275641400367022" lon="168.6514902580529451">
        <ele>576.79998779296875</ele>
        <time>2026-09-30T21:40:24.000Z</time>
        <extensions>
          <ns3:TrackPointExtension>
            <ns3:atemp>8.0</ns3:atemp>
            <ns3:hr>154</ns3:hr>
          </ns3:TrackPointExtension>
        </extensions>
      </trkpt>
      <trkpt lat="-45.0276041217148304" lon="168.6515161581337452">
        <ele>575.5999755859375</ele>
        <time>2026-09-30T21:40:25.000Z</time>
        <extensions>
          <ns3:TrackPointExtension>
            <ns3:atemp>8.0</ns3:atemp>
            <ns3:hr>155</ns3:hr>
          </ns3:TrackPointExtension>
        </extensions>
      </trkpt>
      <trkpt lat="-45.0276666507124901" lon="168.6515454109758139">
        <ele>574.20001220703125</ele>
        <time>2026-09-30T21:40:26.000Z</time>
        <extensions>
          <ns3:TrackPointExtension>
            <ns3:atemp>8.0</ns3:atemp>
            <ns3:hr>155</ns3:hr>
          </ns3:TrackPointExtension>
        </extensions>
      </trkpt>
      <trkpt lat="-45.0276861805468798" lon="168.6515391245484352">
        <ele>573.0</ele>
        <time>2026-09-30T21:40:27.000Z</time>
        <extensions>
          <ns3:TrackPointExtension>
            <ns3:atemp>8.0</ns3:atemp>
            <ns3:hr>155</ns3:hr>
          </ns3:TrackPointExtension>
        </extensions>
      </trkpt>
      <trkpt lat="-45.0277311913669109" lon="168.6515791900455952">
        <ele>571.79998779296875</ele>
        <time>2026-09-30T21:40:28.000Z</time>
        <extensions>
          <ns3:TrackPointExtension>
            <ns3:atemp>8.0</ns3:atemp>
            <ns3:hr>155</ns3:hr>
          </ns3:TrackPointExtension>
        </extensions>
      </trkpt>
      <trkpt lat="-45.0277527328580618" lon="168.6515858117491007">
        <ele>570.4000244140625</ele>
        <time>2026-09-30T21:40:29.000Z</time>
        <extensions>
          <ns3:TrackPointExtension>
            <ns3:atemp>8.0</ns3:atemp>
            <ns3:hr>154</ns3:hr>
          </ns3:TrackPointExtension>
        </extensions>
      </trkpt>
      <trkpt lat="-45.0278094783425331" lon="168.6515887454152107">
        <ele>569.0</ele>
        <time>2026-09-30T21:40:30.000Z</time>
        <extensions>
          <ns3:TrackPointExtension>
            <ns3:atemp>8.0</ns3:atemp>
            <ns3:hr>154</ns3:hr>
          </ns3:TrackPointExtension>
        </extensions>
      </trkpt>
      <trkpt lat="-45.0278366357088089" lon="168.6515970434993505">
        <ele>567.79998779296875</ele>
        <time>2026-09-30T21:40:31.000Z</time>
        <extensions>
          <ns3:TrackPointExtension>
            <ns3:atemp>8.0</ns3:atemp>
            <ns3:hr>155</ns3:hr>
          </ns3:TrackPointExtension>
        </extensions>
      </trkpt>
      <trkpt lat="-45.0278977397829294" lon="168.6516449879854918">
        <ele>566.4000244140625</ele>
        <time>2026-09-30T21:40:32.000Z</time>
        <extensions>
          <ns3:TrackPointExtension>
            <ns3:atemp>8.0</ns3:atemp>
            <ns3:hr>155</ns3:hr>
          </ns3:TrackPointExtension>
        </extensions>
      </trkpt>
      <trkpt lat="-45.0279436726123095" lon="168.651631074026227">
        <ele>565.20001220703125</ele>
        <time>2026-09-30T21:40:33.000Z</time>
        <extensions>
          <ns3:TrackPointExtension>
            <ns3:atemp>8.0</ns3:atemp>
            <ns3:hr>155</ns3:hr>
          </ns3:TrackPointExtension>
        </extensions>
      </trkpt>
      <trkpt lat="-45.0279801338911057" lon="168.6516309902071953">
        <ele>563.79998779296875</ele>
        <time>2026-09-30T21:40:34.000Z</time>
        <extensions>
          <ns3:TrackPointExtension>
            <ns3:atemp>8.0</ns3:atemp>
            <ns3:hr>156</ns3:hr>
          </ns3:TrackPointExtension>
        </extensions>
      </trkpt>
      <trkpt lat="-45.0280232168734074" lon="168.6516531184315681">
        <ele>562.5999755859375</ele>
        <time>2026-09-30T21:40:35.000Z</time>
        <extensions>
          <ns3:TrackPointExtension>
            <ns3:atemp>8.0</ns3:atemp>
            <ns3:hr>156</ns3:hr>
          </ns3:TrackPointExtension>
        </extensions>
      </trkpt>
      <trkpt lat="-45.0280549004673958" lon="168.6516837123781443">
        <ele>561.20001220703125</ele>
        <time>2026-09-30T21:40:36.000Z</time>
        <extensions>
          <ns3:TrackPointExtension>
            <ns3:atemp>8.0</ns3:atemp>
            <ns3:hr>157</ns3:hr>
          </ns3:TrackPointExtension>
        </extensions>
      </trkpt>
      <trkpt lat="-45.0281010009348392" lon="168.6516552977263927">
        <ele>560.0</ele>
        <time>2026-09-30T21:40:37.000Z</time>
        <extensions>
          <ns3:TrackPointExtension>
            <ns3:atemp>8.0</ns3:atemp>
            <ns3:hr>156</ns3:hr>
          </ns3:TrackPointExtension>
        </extensions>
      </trkpt>
      <trkpt lat="-45.0281496997922659" lon="168.6516985483467579">
        <ele>558.79998779296875</ele>
        <time>2026-09-30T21:40:38.000Z</time>
        <extensions>
          <ns3:TrackPointExtension>
            <ns3:atemp>8.0</ns3:atemp>
            <ns3:hr>158</ns3:hr>
          </ns3:TrackPointExtension>
        </extensions>
      </trkpt>
      <trkpt lat="-45.0281744264066219" lon="168.6517570540308952">
        <ele>557.5999755859375</ele>
        <time>2026-09-30T21:40:39.000Z</time>
        <extensions>
          <ns3:TrackPointExtension>
            <ns3:atemp>8.0</ns3:atemp>
            <ns3:hr>159</ns3:hr>
          </ns3:TrackPointExtension>
        </extensions>
      </trkpt>
      <trkpt lat="-45.0282386317849159" lon="168.6517568025738001">
        <ele>556.20001220703125</ele>
        <time>2026-09-30T21:40:40.000Z</time>
        <extensions>
          <ns3:TrackPointExtension>
            <ns3:atemp>8.0</ns3:atemp>
            <ns3:hr>158</ns3:hr>
          </ns3:TrackPointExtension>
        </extensions>
      </trkpt>
      <trkpt lat="-45.028274254873395" lon="168.651773314923048">
        <ele>554.79998779296875</ele>
        <time>2026-09-30T21:40:41.000Z</time>
        <extensions>
          <ns3:TrackPointExtension>
            <ns3:atemp>8.0</ns3:atemp>
            <ns3:hr>158</ns3:hr>
          </ns3:TrackPointExtension>
        </extensions>
      </trkpt>
      <trkpt lat="-45.0283179245889187" lon="168.6517826188355684">
        <ele>553.5999755859375</ele>
        <time>2026-09-30T21:40:42.000Z</time>
        <extensions>
          <ns3:TrackPointExtension>
            <ns3:atemp>8.0</ns3:atemp>
            <ns3:hr>157</ns3:hr>
          </ns3:TrackPointExtension>
        </extensions>
      </trkpt>
      <trkpt lat="-45.0283651985228062" lon="168.6518194992095232">
        <ele>552.20001220703125</ele>
        <time>2026-09-30T21:40:43.000Z</time>
        <extensions>
          <ns3:TrackPointExtension>
            <ns3:atemp>8.0</ns3:atemp>
            <ns3:hr>157</ns3:hr>
          </ns3:TrackPointExtension>
        </extensions>
      </trkpt>
      <trkpt lat="-45.0284183397889137" lon="168.6517864745110273">
        <ele>551.0</ele>
        <time>2026-09-30T21:40:44.000Z</time>
        <extensions>
          <ns3:TrackPointExtension>
            <ns3:atemp>8.0</ns3:atemp>
            <ns3:hr>157</ns3:hr>
          </ns3:TrackPointExtension>
        </extensions>
      </trkpt>
      <trkpt lat="-45.0284780189394951" lon="168.6518191639333963">
        <ele>550.20001220703125</ele>
        <time>2026-09-30T21:40:45.000Z</time>
        <extensions>
          <ns3:TrackPointExtension>
            <ns3:atemp>8.0</ns3:atemp>
            <ns3:hr>156</ns3:hr>
          </ns3:TrackPointExtension>
        </extensions>
      </trkpt>
      <trkpt lat="-45.0285464990884066" lon="168.6518240254372358">
        <ele>549.4000244140625</ele>
        <time>2026-09-30T21:40:46.000Z</time>
        <extensions>
          <ns3:TrackPointExtension>
            <ns3:atemp>8.0</ns3:atemp>
            <ns3:hr>155</ns3:hr>
          </ns3:TrackPointExtension>
        </extensions>
      </trkpt>
      <trkpt lat="-45.028593773022294" lon="168.6518414597958326">
        <ele>548.5999755859375</ele>
        <time>2026-09-30T21:40:47.000Z</time>
        <extensions>
          <ns3:TrackPointExtension>
            <ns3:atemp>8.0</ns3:atemp>
            <ns3:hr>155</ns3:hr>
          </ns3:TrackPointExtension>
        </extensions>
      </trkpt>
      <trkpt lat="-45.0286920927464962" lon="168.6518490873277187">
        <ele>547.79998779296875</ele>
        <time>2026-09-30T21:40:48.000Z</time>
        <extensions>
          <ns3:TrackPointExtension>
            <ns3:atemp>8.0</ns3:atemp>
            <ns3:hr>155</ns3:hr>
          </ns3:TrackPointExtension>
        </extensions>
      </trkpt>
      <trkpt lat="-45.0287412106990814" lon="168.6518795974552631">
        <ele>546.79998779296875</ele>
        <time>2026-09-30T21:40:49.000Z</time>
        <extensions>
          <ns3:TrackPointExtension>
            <ns3:atemp>8.0</ns3:atemp>
            <ns3:hr>155</ns3:hr>
          </ns3:TrackPointExtension>
        </extensions>
      </trkpt>
      <trkpt lat="-45.0288077630102634" lon="168.6518942657858133">
        <ele>546.0</ele>
        <time>2026-09-30T21:40:50.000Z</time>
        <extensions>
          <ns3:TrackPointExtension>
            <ns3:atemp>8.0</ns3:atemp>
            <ns3:hr>155</ns3:hr>
          </ns3:TrackPointExtension>
        </extensions>
      </trkpt>
      <trkpt lat="-45.0288497563451529" lon="168.6519175674766302">
        <ele>545.20001220703125</ele>
        <time>2026-09-30T21:40:51.000Z</time>
        <extensions>
          <ns3:TrackPointExtension>
            <ns3:atemp>8.0</ns3:atemp>
            <ns3:hr>154</ns3:hr>
          </ns3:TrackPointExtension>
        </extensions>
      </trkpt>
      <trkpt lat="-45.0289191585034132" lon="168.6519202496856451">
        <ele>544.5999755859375</ele>
        <time>2026-09-30T21:40:52.000Z</time>
        <extensions>
          <ns3:TrackPointExtension>
            <ns3:atemp>8.0</ns3:atemp>
            <ns3:hr>154</ns3:hr>
          </ns3:TrackPointExtension>
        </extensions>
      </trkpt>
      <trkpt lat="-45.0289850402623415" lon="168.6518880631774664">
        <ele>543.5999755859375</ele>
        <time>2026-09-30T21:40:53.000Z</time>
        <extensions>
          <ns3:TrackPointExtension>
            <ns3:atemp>8.0</ns3:atemp>
            <ns3:hr>154</ns3:hr>
          </ns3:TrackPointExtension>
        </extensions>
      </trkpt>
      <trkpt lat="-45.0290292128920555" lon="168.6519055813550949">
        <ele>542.79998779296875</ele>
        <time>2026-09-30T21:40:54.000Z</time>
        <extensions>
          <ns3:TrackPointExtension>
            <ns3:atemp>8.0</ns3:atemp>
            <ns3:hr>152</ns3:hr>
          </ns3:TrackPointExtension>
        </extensions>
      </trkpt>
      <trkpt lat="-45.0290779117494822" lon="168.6519935075193644">
        <ele>542.0</ele>
        <time>2026-09-30T21:40:55.000Z</time>
        <extensions>
          <ns3:TrackPointExtension>
            <ns3:atemp>8.0</ns3:atemp>
            <ns3:hr>152</ns3:hr>
          </ns3:TrackPointExtension>
        </extensions>
      </trkpt>
      <trkpt lat="-45.0291194021701813" lon="168.652082271873951">
        <ele>541.20001220703125</ele>
        <time>2026-09-30T21:40:56.000Z</time>
        <extensions>
          <ns3:TrackPointExtension>
            <ns3:atemp>8.0</ns3:atemp>
            <ns3:hr>152</ns3:hr>
          </ns3:TrackPointExtension>
        </extensions>
      </trkpt>
      <trkpt lat="-45.0291204918175936" lon="168.6521657556295395">
        <ele>540.4000244140625</ele>
        <time>2026-09-30T21:40:57.000Z</time>
        <extensions>
          <ns3:TrackPointExtension>
            <ns3:atemp>8.0</ns3:atemp>
            <ns3:hr>151</ns3:hr>
          </ns3:TrackPointExtension>
        </extensions>
      </trkpt>
      <trkpt lat="-45.0290856231004" lon="168.6522609740495682">
        <ele>539.4000244140625</ele>
        <time>2026-09-30T21:40:58.000Z</time>
        <extensions>
          <ns3:TrackPointExtension>
            <ns3:atemp>8.0</ns3:atemp>
            <ns3:hr>151</ns3:hr>
          </ns3:TrackPointExtension>
        </extensions>
      </trkpt>
      <trkpt lat="-45.0290191546082497" lon="168.6523244250565767">
        <ele>538.4000244140625</ele>
        <time>2026-09-30T21:40:59.000Z</time>
        <extensions>
          <ns3:TrackPointExtension>
            <ns3:atemp>8.0</ns3:atemp>
            <ns3:hr>150</ns3:hr>
          </ns3:TrackPointExtension>
        </extensions>
      </trkpt>
      <trkpt lat="-45.0289878062903881" lon="168.652387959882617">
        <ele>537.5999755859375</ele>
        <time>2026-09-30T21:41:00.000Z</time>
        <extensions>
          <ns3:TrackPointExtension>
            <ns3:atemp>8.0</ns3:atemp>
            <ns3:hr>150</ns3:hr>
          </ns3:TrackPointExtension>
        </extensions>
      </trkpt>
      <trkpt lat="-45.0289375148713589" lon="168.6524410173296928">
        <ele>536.5999755859375</ele>
        <time>2026-09-30T21:41:01.000Z</time>
        <extensions>
          <ns3:TrackPointExtension>
            <ns3:atemp>8.0</ns3:atemp>
            <ns3:hr>149</ns3:hr>
          </ns3:TrackPointExtension>
        </extensions>
      </trkpt>
      <trkpt lat="-45.0288828648626804" lon="168.652530200779438">
        <ele>536.0</ele>
        <time>2026-09-30T21:41:02.000Z</time>
        <extensions>
          <ns3:TrackPointExtension>
            <ns3:atemp>8.0</ns3:atemp>
            <ns3:hr>148</ns3:hr>
          </ns3:TrackPointExtension>
        </extensions>
      </trkpt>
      <trkpt lat="-45.0288280472159386" lon="168.6525448691099882">
        <ele>535.20001220703125</ele>
        <time>2026-09-30T21:41:03.000Z</time>
        <extensions>
          <ns3:TrackPointExtension>
            <ns3:atemp>8.0</ns3:atemp>
            <ns3:hr>149</ns3:hr>
          </ns3:TrackPointExtension>
        </extensions>
      </trkpt>
      <trkpt lat="-45.0287614110857248" lon="168.6526147741824389">
        <ele>534.20001220703125</ele>
        <time>2026-09-30T21:41:04.000Z</time>
        <extensions>
          <ns3:TrackPointExtension>
            <ns3:atemp>8.0</ns3:atemp>
            <ns3:hr>150</ns3:hr>
          </ns3:TrackPointExtension>
        </extensions>
      </trkpt>
      <trkpt lat="-45.0286759156733751" lon="168.6526468768715858">
        <ele>533.4000244140625</ele>
        <time>2026-09-30T21:41:05.000Z</time>
        <extensions>
          <ns3:TrackPointExtension>
            <ns3:atemp>8.0</ns3:atemp>
            <ns3:hr>149</ns3:hr>
          </ns3:TrackPointExtension>
        </extensions>
      </trkpt>
      <trkpt lat="-45.0286352634429932" lon="168.6526759620755911">
        <ele>532.4000244140625</ele>
        <time>2026-09-30T21:41:06.000Z</time>
        <extensions>
          <ns3:TrackPointExtension>
            <ns3:atemp>8.0</ns3:atemp>
            <ns3:hr>149</ns3:hr>
          </ns3:TrackPointExtension>
        </extensions>
      </trkpt>
      <trkpt lat="-45.0285301543772221" lon="168.6527123395353556">
        <ele>531.5999755859375</ele>
        <time>2026-09-30T21:41:07.000Z</time>
        <extensions>
          <ns3:TrackPointExtension>
            <ns3:atemp>8.0</ns3:atemp>
            <ns3:hr>149</ns3:hr>
          </ns3:TrackPointExtension>
        </extensions>
      </trkpt>
      <trkpt lat="-45.0284964591264725" lon="168.6527065560221672">
        <ele>530.5999755859375</ele>
        <time>2026-09-30T21:41:08.000Z</time>
        <extensions>
          <ns3:TrackPointExtension>
            <ns3:atemp>8.0</ns3:atemp>
            <ns3:hr>150</ns3:hr>
          </ns3:TrackPointExtension>
        </extensions>
      </trkpt>
      <trkpt lat="-45.0284392945468426" lon="168.6527529079467058">
        <ele>529.5999755859375</ele>
        <time>2026-09-30T21:41:09.000Z</time>
        <extensions>
          <ns3:TrackPointExtension>
            <ns3:atemp>8.0</ns3:atemp>
            <ns3:hr>149</ns3:hr>
          </ns3:TrackPointExtension>
        </extensions>
      </trkpt>
      <trkpt lat="-45.028384979814291" lon="168.6527542490512133">
        <ele>529.0</ele>
        <time>2026-09-30T21:41:10.000Z</time>
        <extensions>
          <ns3:TrackPointExtension>
            <ns3:atemp>8.0</ns3:atemp>
            <ns3:hr>148</ns3:hr>
          </ns3:TrackPointExtension>
        </extensions>
      </trkpt>
      <trkpt lat="-45.0283211097121239" lon="168.6527564283460379">
        <ele>528.0</ele>
        <time>2026-09-30T21:41:11.000Z</time>
        <extensions>
          <ns3:TrackPointExtension>
            <ns3:atemp>8.0</ns3:atemp>
            <ns3:hr>149</ns3:hr>
          </ns3:TrackPointExtension>
        </extensions>
      </trkpt>
      <trkpt lat="-45.0282608438283205" lon="168.6528207175433636">
        <ele>527.4000244140625</ele>
        <time>2026-09-30T21:41:12.000Z</time>
        <extensions>
          <ns3:TrackPointExtension>
            <ns3:atemp>8.0</ns3:atemp>
            <ns3:hr>148</ns3:hr>
          </ns3:TrackPointExtension>
        </extensions>
      </trkpt>
      <trkpt lat="-45.0281847361475229" lon="168.6528322007507086">
        <ele>526.4000244140625</ele>
        <time>2026-09-30T21:41:13.000Z</time>
        <extensions>
          <ns3:TrackPointExtension>
            <ns3:atemp>8.0</ns3:atemp>
            <ns3:hr>147</ns3:hr>
          </ns3:TrackPointExtension>
        </extensions>
      </trkpt>
      <trkpt lat="-45.0281262304633856" lon="168.6528617050498724">
        <ele>525.5999755859375</ele>
        <time>2026-09-30T21:41:14.000Z</time>
        <extensions>
          <ns3:TrackPointExtension>
            <ns3:atemp>8.0</ns3:atemp>
            <ns3:hr>148</ns3:hr>
          </ns3:TrackPointExtension>
        </extensions>
      </trkpt>
      <trkpt lat="-45.0280351191759109" lon="168.6528643034398556">
        <ele>524.79998779296875</ele>
        <time>2026-09-30T21:41:15.000Z</time>
        <extensions>
          <ns3:TrackPointExtension>
            <ns3:atemp>8.0</ns3:atemp>
            <ns3:hr>148</ns3:hr>
          </ns3:TrackPointExtension>
        </extensions>
      </trkpt>
      <trkpt lat="-45.0280152540653944" lon="168.6528688296675682">
        <ele>523.5999755859375</ele>
        <time>2026-09-30T21:41:16.000Z</time>
        <extensions>
          <ns3:TrackPointExtension>
            <ns3:atemp>8.0</ns3:atemp>
            <ns3:hr>148</ns3:hr>
          </ns3:TrackPointExtension>
        </extensions>
      </trkpt>
      <trkpt lat="-45.0279311835765839" lon="168.6528726853430271">
        <ele>522.79998779296875</ele>
        <time>2026-09-30T21:41:17.000Z</time>
        <extensions>
          <ns3:TrackPointExtension>
            <ns3:atemp>8.0</ns3:atemp>
            <ns3:hr>148</ns3:hr>
          </ns3:TrackPointExtension>
        </extensions>
      </trkpt>
      <trkpt lat="-45.0279222149401903" lon="168.6528837494552135">
        <ele>521.79998779296875</ele>
        <time>2026-09-30T21:41:18.000Z</time>
        <extensions>
          <ns3:TrackPointExtension>
            <ns3:atemp>8.0</ns3:atemp>
            <ns3:hr>149</ns3:hr>
          </ns3:TrackPointExtension>
        </extensions>
      </trkpt>
      <trkpt lat="-45.0278647150844336" lon="168.6528938915580511">
        <ele>520.5999755859375</ele>
        <time>2026-09-30T21:41:19.000Z</time>
        <extensions>
          <ns3:TrackPointExtension>
            <ns3:atemp>8.0</ns3:atemp>
            <ns3:hr>149</ns3:hr>
          </ns3:TrackPointExtension>
        </extensions>
      </trkpt>
      <trkpt lat="-45.0277459435164928" lon="168.6528978310525417">
        <ele>519.79998779296875</ele>
        <time>2026-09-30T21:41:20.000Z</time>
        <extensions>
          <ns3:TrackPointExtension>
            <ns3:atemp>8.0</ns3:atemp>
            <ns3:hr>148</ns3:hr>
          </ns3:TrackPointExtension>
        </extensions>
      </trkpt>
      <trkpt lat="-45.0277391541749239" lon="168.652905710041523">
        <ele>518.5999755859375</ele>
        <time>2026-09-30T21:41:21.000Z</time>
        <extensions>
          <ns3:TrackPointExtension>
            <ns3:atemp>8.0</ns3:atemp>
            <ns3:hr>149</ns3:hr>
          </ns3:TrackPointExtension>
        </extensions>
      </trkpt>
      <trkpt lat="-45.0276658963412046" lon="168.6529120802879333">
        <ele>517.79998779296875</ele>
        <time>2026-09-30T21:41:22.000Z</time>
        <extensions>
          <ns3:TrackPointExtension>
            <ns3:atemp>8.0</ns3:atemp>
            <ns3:hr>149</ns3:hr>
          </ns3:TrackPointExtension>
        </extensions>
      </trkpt>
      <trkpt lat="-45.0276127550750971" lon="168.6528700031340122">
        <ele>516.79998779296875</ele>
        <time>2026-09-30T21:41:23.000Z</time>
        <extensions>
          <ns3:TrackPointExtension>
            <ns3:atemp>8.0</ns3:atemp>
            <ns3:hr>150</ns3:hr>
          </ns3:TrackPointExtension>
        </extensions>
      </trkpt>
      <trkpt lat="-45.0275858491659164" lon="168.6529312748461962">
        <ele>515.5999755859375</ele>
        <time>2026-09-30T21:41:24.000Z</time>
        <extensions>
          <ns3:TrackPointExtension>
            <ns3:atemp>8.0</ns3:atemp>
            <ns3:hr>151</ns3:hr>
          </ns3:TrackPointExtension>
        </extensions>
      </trkpt>
      <trkpt lat="-45.0275290198624134" lon="168.652942506596446">
        <ele>514.79998779296875</ele>
        <time>2026-09-30T21:41:25.000Z</time>
        <extensions>
          <ns3:TrackPointExtension>
            <ns3:atemp>8.0</ns3:atemp>
            <ns3:hr>151</ns3:hr>
          </ns3:TrackPointExtension>
        </extensions>
      </trkpt>
      <trkpt lat="-45.0274748727679253" lon="168.6529506370425224">
        <ele>513.5999755859375</ele>
        <time>2026-09-30T21:41:26.000Z</time>
        <extensions>
          <ns3:TrackPointExtension>
            <ns3:atemp>8.0</ns3:atemp>
            <ns3:hr>151</ns3:hr>
          </ns3:TrackPointExtension>
        </extensions>
      </trkpt>
      <trkpt lat="-45.0274174567312002" lon="168.6529850866645575">
        <ele>512.5999755859375</ele>
        <time>2026-09-30T21:41:27.000Z</time>
        <extensions>
          <ns3:TrackPointExtension>
            <ns3:atemp>8.0</ns3:atemp>
            <ns3:hr>151</ns3:hr>
          </ns3:TrackPointExtension>
        </extensions>
      </trkpt>
      <trkpt lat="-45.0273607950657606" lon="168.652984919026494">
        <ele>511.600006103515625</ele>
        <time>2026-09-30T21:41:28.000Z</time>
        <extensions>
          <ns3:TrackPointExtension>
            <ns3:atemp>8.0</ns3:atemp>
            <ns3:hr>150</ns3:hr>
          </ns3:TrackPointExtension>
        </extensions>
      </trkpt>
      <trkpt lat="-45.0273422710597515" lon="168.653038227930665">
        <ele>510.79998779296875</ele>
        <time>2026-09-30T21:41:29.000Z</time>
        <extensions>
          <ns3:TrackPointExtension>
            <ns3:atemp>8.0</ns3:atemp>
            <ns3:hr>150</ns3:hr>
          </ns3:TrackPointExtension>
        </extensions>
      </trkpt>
      <trkpt lat="-45.0273297820240259" lon="168.6531137488782406">
        <ele>509.600006103515625</ele>
        <time>2026-09-30T21:41:30.000Z</time>
        <extensions>
          <ns3:TrackPointExtension>
            <ns3:atemp>8.0</ns3:atemp>
            <ns3:hr>151</ns3:hr>
          </ns3:TrackPointExtension>
        </extensions>
      </trkpt>
      <trkpt lat="-45.0273296982049942" lon="168.6531875096261501">
        <ele>508.79998779296875</ele>
        <time>2026-09-30T21:41:31.000Z</time>
        <extensions>
          <ns3:TrackPointExtension>
            <ns3:atemp>8.0</ns3:atemp>
            <ns3:hr>151</ns3:hr>
          </ns3:TrackPointExtension>
        </extensions>
      </trkpt>
      <trkpt lat="-45.0273607950657606" lon="168.6532368790358305">
        <ele>507.600006103515625</ele>
        <time>2026-09-30T21:41:32.000Z</time>
        <extensions>
          <ns3:TrackPointExtension>
            <ns3:atemp>8.0</ns3:atemp>
            <ns3:hr>153</ns3:hr>
          </ns3:TrackPointExtension>
        </extensions>
      </trkpt>
      <trkpt lat="-45.0273849349468946" lon="168.6533214524388313">
        <ele>506.79998779296875</ele>
        <time>2026-09-30T21:41:33.000Z</time>
        <extensions>
          <ns3:TrackPointExtension>
            <ns3:atemp>8.0</ns3:atemp>
            <ns3:hr>153</ns3:hr>
          </ns3:TrackPointExtension>
        </extensions>
      </trkpt>
      <trkpt lat="-45.0274502299726009" lon="168.65335363894701">
        <ele>505.79998779296875</ele>
        <time>2026-09-30T21:41:34.000Z</time>
        <extensions>
          <ns3:TrackPointExtension>
            <ns3:atemp>8.0</ns3:atemp>
            <ns3:hr>153</ns3:hr>
          </ns3:TrackPointExtension>
        </extensions>
      </trkpt>
      <trkpt lat="-45.0274962466210127" lon="168.6533926147967577">
        <ele>504.399993896484375</ele>
        <time>2026-09-30T21:41:35.000Z</time>
        <extensions>
          <ns3:TrackPointExtension>
            <ns3:atemp>8.0</ns3:atemp>
            <ns3:hr>155</ns3:hr>
          </ns3:TrackPointExtension>
        </extensions>
      </trkpt>
      <trkpt lat="-45.0275353062897921" lon="168.6534352786839008">
        <ele>503.399993896484375</ele>
        <time>2026-09-30T21:41:36.000Z</time>
        <extensions>
          <ns3:TrackPointExtension>
            <ns3:atemp>8.0</ns3:atemp>
            <ns3:hr>155</ns3:hr>
          </ns3:TrackPointExtension>
        </extensions>
      </trkpt>
      <trkpt lat="-45.0275871902704239" lon="168.6534227896481752">
        <ele>502.399993896484375</ele>
        <time>2026-09-30T21:41:37.000Z</time>
        <extensions>
          <ns3:TrackPointExtension>
            <ns3:atemp>8.0</ns3:atemp>
            <ns3:hr>154</ns3:hr>
          </ns3:TrackPointExtension>
        </extensions>
      </trkpt>
      <trkpt lat="-45.0276287645101547" lon="168.6534642800688744">
        <ele>501.399993896484375</ele>
        <time>2026-09-30T21:41:38.000Z</time>
        <extensions>
          <ns3:TrackPointExtension>
            <ns3:atemp>8.0</ns3:atemp>
            <ns3:hr>155</ns3:hr>
          </ns3:TrackPointExtension>
        </extensions>
      </trkpt>
      <trkpt lat="-45.0277041178196669" lon="168.6534728296101093">
        <ele>500.399993896484375</ele>
        <time>2026-09-30T21:41:39.000Z</time>
        <extensions>
          <ns3:TrackPointExtension>
            <ns3:atemp>8.0</ns3:atemp>
            <ns3:hr>155</ns3:hr>
          </ns3:TrackPointExtension>
        </extensions>
      </trkpt>
      <trkpt lat="-45.0277635455131531" lon="168.6534672137349844">
        <ele>499.399993896484375</ele>
        <time>2026-09-30T21:41:40.000Z</time>
        <extensions>
          <ns3:TrackPointExtension>
            <ns3:atemp>8.0</ns3:atemp>
            <ns3:hr>153</ns3:hr>
          </ns3:TrackPointExtension>
        </extensions>
      </trkpt>
      <trkpt lat="-45.0278334505856037" lon="168.6535222828388214">
        <ele>498.399993896484375</ele>
        <time>2026-09-30T21:41:41.000Z</time>
        <extensions>
          <ns3:TrackPointExtension>
            <ns3:atemp>8.0</ns3:atemp>
            <ns3:hr>154</ns3:hr>
          </ns3:TrackPointExtension>
        </extensions>
      </trkpt>
      <trkpt lat="-45.0278601888567209" lon="168.6535095423460007">
        <ele>497.399993896484375</ele>
        <time>2026-09-30T21:41:42.000Z</time>
        <extensions>
          <ns3:TrackPointExtension>
            <ns3:atemp>8.0</ns3:atemp>
            <ns3:hr>155</ns3:hr>
          </ns3:TrackPointExtension>
        </extensions>
      </trkpt>
      <trkpt lat="-45.0279110670089722" lon="168.6535260546952486">
        <ele>496.399993896484375</ele>
        <time>2026-09-30T21:41:43.000Z</time>
        <extensions>
          <ns3:TrackPointExtension>
            <ns3:atemp>8.0</ns3:atemp>
            <ns3:hr>154</ns3:hr>
          </ns3:TrackPointExtension>
        </extensions>
      </trkpt>
      <trkpt lat="-45.0279437564313412" lon="168.6535158287733793">
        <ele>495.20001220703125</ele>
        <time>2026-09-30T21:41:44.000Z</time>
        <extensions>
          <ns3:TrackPointExtension>
            <ns3:atemp>8.0</ns3:atemp>
            <ns3:hr>155</ns3:hr>
          </ns3:TrackPointExtension>
        </extensions>
      </trkpt>
      <trkpt lat="-45.0280363764613867" lon="168.6535569000989199">
        <ele>494.20001220703125</ele>
        <time>2026-09-30T21:41:45.000Z</time>
        <extensions>
          <ns3:TrackPointExtension>
            <ns3:atemp>8.0</ns3:atemp>
            <ns3:hr>155</ns3:hr>
          </ns3:TrackPointExtension>
        </extensions>
      </trkpt>
      <trkpt lat="-45.0280800461769104" lon="168.6535545531660318">
        <ele>493.399993896484375</ele>
        <time>2026-09-30T21:41:46.000Z</time>
        <extensions>
          <ns3:TrackPointExtension>
            <ns3:atemp>8.0</ns3:atemp>
            <ns3:hr>155</ns3:hr>
          </ns3:TrackPointExtension>
        </extensions>
      </trkpt>
      <trkpt lat="-45.0281558185815811" lon="168.6535933613777161">
        <ele>492.600006103515625</ele>
        <time>2026-09-30T21:41:47.000Z</time>
        <extensions>
          <ns3:TrackPointExtension>
            <ns3:atemp>8.0</ns3:atemp>
            <ns3:hr>155</ns3:hr>
          </ns3:TrackPointExtension>
        </extensions>
      </trkpt>
      <trkpt lat="-45.0282008294016123" lon="168.6536016594618559">
        <ele>491.79998779296875</ele>
        <time>2026-09-30T21:41:48.000Z</time>
        <extensions>
          <ns3:TrackPointExtension>
            <ns3:atemp>8.0</ns3:atemp>
            <ns3:hr>155</ns3:hr>
          </ns3:TrackPointExtension>
        </extensions>
      </trkpt>
      <trkpt lat="-45.0282708182930946" lon="168.6536224465817213">
        <ele>491.399993896484375</ele>
        <time>2026-09-30T21:41:49.000Z</time>
        <extensions>
          <ns3:TrackPointExtension>
            <ns3:atemp>8.0</ns3:atemp>
            <ns3:hr>155</ns3:hr>
          </ns3:TrackPointExtension>
        </extensions>
      </trkpt>
      <trkpt lat="-45.028321947902441" lon="168.6536686308681965">
        <ele>490.79998779296875</ele>
        <time>2026-09-30T21:41:50.000Z</time>
        <extensions>
          <ns3:TrackPointExtension>
            <ns3:atemp>8.0</ns3:atemp>
            <ns3:hr>154</ns3:hr>
          </ns3:TrackPointExtension>
        </extensions>
      </trkpt>
      <trkpt lat="-45.0284049287438393" lon="168.6536806169897318">
        <ele>490.20001220703125</ele>
        <time>2026-09-30T21:41:51.000Z</time>
        <extensions>
          <ns3:TrackPointExtension>
            <ns3:atemp>8.0</ns3:atemp>
            <ns3:hr>153</ns3:hr>
          </ns3:TrackPointExtension>
        </extensions>
      </trkpt>
      <trkpt lat="-45.0284428987652063" lon="168.6536816228181124">
        <ele>489.79998779296875</ele>
        <time>2026-09-30T21:41:52.000Z</time>
        <extensions>
          <ns3:TrackPointExtension>
            <ns3:atemp>8.0</ns3:atemp>
            <ns3:hr>154</ns3:hr>
          </ns3:TrackPointExtension>
        </extensions>
      </trkpt>
      <trkpt lat="-45.0285053439438343" lon="168.6537111271172762">
        <ele>489.0</ele>
        <time>2026-09-30T21:41:53.000Z</time>
        <extensions>
          <ns3:TrackPointExtension>
            <ns3:atemp>8.0</ns3:atemp>
            <ns3:hr>153</ns3:hr>
          </ns3:TrackPointExtension>
        </extensions>
      </trkpt>
      <trkpt lat="-45.0285723153501749" lon="168.6537181679159403">
        <ele>488.399993896484375</ele>
        <time>2026-09-30T21:41:54.000Z</time>
        <extensions>
          <ns3:TrackPointExtension>
            <ns3:atemp>8.0</ns3:atemp>
            <ns3:hr>152</ns3:hr>
          </ns3:TrackPointExtension>
        </extensions>
      </trkpt>
      <trkpt lat="-45.0286351796239614" lon="168.6537374462932348">
        <ele>487.600006103515625</ele>
        <time>2026-09-30T21:41:55.000Z</time>
        <extensions>
          <ns3:TrackPointExtension>
            <ns3:atemp>8.0</ns3:atemp>
            <ns3:hr>151</ns3:hr>
          </ns3:TrackPointExtension>
        </extensions>
      </trkpt>
      <trkpt lat="-45.0287024863064289" lon="168.6537722311913967">
        <ele>487.0</ele>
        <time>2026-09-30T21:41:56.000Z</time>
        <extensions>
          <ns3:TrackPointExtension>
            <ns3:atemp>8.0</ns3:atemp>
            <ns3:hr>151</ns3:hr>
          </ns3:TrackPointExtension>
        </extensions>
      </trkpt>
      <trkpt lat="-45.028770798817277" lon="168.6538164038211107">
        <ele>486.20001220703125</ele>
        <time>2026-09-30T21:41:57.000Z</time>
        <extensions>
          <ns3:TrackPointExtension>
            <ns3:atemp>8.0</ns3:atemp>
            <ns3:hr>150</ns3:hr>
          </ns3:TrackPointExtension>
        </extensions>
      </trkpt>
      <trkpt lat="-45.0288260355591774" lon="168.6538160685449839">
        <ele>485.600006103515625</ele>
        <time>2026-09-30T21:41:58.000Z</time>
        <extensions>
          <ns3:TrackPointExtension>
            <ns3:atemp>8.0</ns3:atemp>
            <ns3:hr>152</ns3:hr>
          </ns3:TrackPointExtension>
        </extensions>
      </trkpt>
      <trkpt lat="-45.0288848765194416" lon="168.6538317427039146">
        <ele>484.79998779296875</ele>
        <time>2026-09-30T21:41:59.000Z</time>
        <extensions>
          <ns3:TrackPointExtension>
            <ns3:atemp>8.0</ns3:atemp>
            <ns3:hr>153</ns3:hr>
          </ns3:TrackPointExtension>
        </extensions>
      </trkpt>
      <trkpt lat="-45.0289466511458158" lon="168.6538451537489891">
        <ele>484.0</ele>
        <time>2026-09-30T21:42:00.000Z</time>
        <extensions>
          <ns3:TrackPointExtension>
            <ns3:atemp>8.0</ns3:atemp>
            <ns3:hr>152</ns3:hr>
          </ns3:TrackPointExtension>
        </extensions>
      </trkpt>
      <trkpt lat="-45.0290230102837086" lon="168.6538557149469852">
        <ele>483.600006103515625</ele>
        <time>2026-09-30T21:42:01.000Z</time>
        <extensions>
          <ns3:TrackPointExtension>
            <ns3:atemp>8.0</ns3:atemp>
            <ns3:hr>150</ns3:hr>
          </ns3:TrackPointExtension>
        </extensions>
      </trkpt>
      <trkpt lat="-45.0290932506322861" lon="168.6538729816675186">
        <ele>483.20001220703125</ele>
        <time>2026-09-30T21:42:02.000Z</time>
        <extensions>
          <ns3:TrackPointExtension>
            <ns3:atemp>8.0</ns3:atemp>
            <ns3:hr>151</ns3:hr>
          </ns3:TrackPointExtension>
        </extensions>
      </trkpt>
      <trkpt lat="-45.0291475653648376" lon="168.6538882367312908">
        <ele>482.399993896484375</ele>
        <time>2026-09-30T21:42:03.000Z</time>
        <extensions>
          <ns3:TrackPointExtension>
            <ns3:atemp>8.0</ns3:atemp>
            <ns3:hr>150</ns3:hr>
          </ns3:TrackPointExtension>
        </extensions>
      </trkpt>
      <trkpt lat="-45.0292258523404598" lon="168.6538312397897243">
        <ele>481.600006103515625</ele>
        <time>2026-09-30T21:42:04.000Z</time>
        <extensions>
          <ns3:TrackPointExtension>
            <ns3:atemp>8.0</ns3:atemp>
            <ns3:hr>149</ns3:hr>
          </ns3:TrackPointExtension>
        </extensions>
      </trkpt>
      <trkpt lat="-45.0292588770389557" lon="168.6538651864975691">
        <ele>481.0</ele>
        <time>2026-09-30T21:42:05.000Z</time>
        <extensions>
          <ns3:TrackPointExtension>
            <ns3:atemp>8.0</ns3:atemp>
            <ns3:hr>147</ns3:hr>
          </ns3:TrackPointExtension>
        </extensions>
      </trkpt>
      <trkpt lat="-45.029335655272007" lon="168.6538758315145969">
        <ele>480.600006103515625</ele>
        <time>2026-09-30T21:42:06.000Z</time>
        <extensions>
          <ns3:TrackPointExtension>
            <ns3:atemp>8.0</ns3:atemp>
            <ns3:hr>147</ns3:hr>
          </ns3:TrackPointExtension>
        </extensions>
      </trkpt>
      <trkpt lat="-45.0294038001447916" lon="168.6538523621857166">
        <ele>479.600006103515625</ele>
        <time>2026-09-30T21:42:07.000Z</time>
        <extensions>
          <ns3:TrackPointExtension>
            <ns3:atemp>8.0</ns3:atemp>
            <ns3:hr>147</ns3:hr>
          </ns3:TrackPointExtension>
        </extensions>
      </trkpt>
      <trkpt lat="-45.0294644851237535" lon="168.6538671143352985">
        <ele>479.0</ele>
        <time>2026-09-30T21:42:08.000Z</time>
        <extensions>
          <ns3:TrackPointExtension>
            <ns3:atemp>8.0</ns3:atemp>
            <ns3:hr>147</ns3:hr>
          </ns3:TrackPointExtension>
        </extensions>
      </trkpt>
      <trkpt lat="-45.0295472145080566" lon="168.6538471654057503">
        <ele>478.20001220703125</ele>
        <time>2026-09-30T21:42:09.000Z</time>
        <extensions>
          <ns3:TrackPointExtension>
            <ns3:atemp>8.0</ns3:atemp>
            <ns3:hr>148</ns3:hr>
          </ns3:TrackPointExtension>
        </extensions>
      </trkpt>
      <trkpt lat="-45.0295916385948658" lon="168.6538536194711924">
        <ele>477.399993896484375</ele>
        <time>2026-09-30T21:42:10.000Z</time>
        <extensions>
          <ns3:TrackPointExtension>
            <ns3:atemp>8.0</ns3:atemp>
            <ns3:hr>148</ns3:hr>
          </ns3:TrackPointExtension>
        </extensions>
      </trkpt>
      <trkpt lat="-45.0296767149120569" lon="168.6538648512214422">
        <ele>476.79998779296875</ele>
        <time>2026-09-30T21:42:11.000Z</time>
        <extensions>
          <ns3:TrackPointExtension>
            <ns3:atemp>8.0</ns3:atemp>
            <ns3:hr>148</ns3:hr>
          </ns3:TrackPointExtension>
        </extensions>
      </trkpt>
      <trkpt lat="-45.0297412555664778" lon="168.6538791004568338">
        <ele>475.79998779296875</ele>
        <time>2026-09-30T21:42:12.000Z</time>
        <extensions>
          <ns3:TrackPointExtension>
            <ns3:atemp>8.0</ns3:atemp>
            <ns3:hr>148</ns3:hr>
          </ns3:TrackPointExtension>
        </extensions>
      </trkpt>
      <trkpt lat="-45.0298148486763239" lon="168.6538847163319588">
        <ele>475.20001220703125</ele>
        <time>2026-09-30T21:42:13.000Z</time>
        <extensions>
          <ns3:TrackPointExtension>
            <ns3:atemp>8.0</ns3:atemp>
            <ns3:hr>147</ns3:hr>
          </ns3:TrackPointExtension>
        </extensions>
      </trkpt>
      <trkpt lat="-45.0298498850315809" lon="168.6539285536855459">
        <ele>474.600006103515625</ele>
        <time>2026-09-30T21:42:14.000Z</time>
        <extensions>
          <ns3:TrackPointExtension>
            <ns3:atemp>8.0</ns3:atemp>
            <ns3:hr>147</ns3:hr>
          </ns3:TrackPointExtension>
        </extensions>
      </trkpt>
      <trkpt lat="-45.0299341231584549" lon="168.653904665261507">
        <ele>474.0</ele>
        <time>2026-09-30T21:42:15.000Z</time>
        <extensions>
          <ns3:TrackPointExtension>
            <ns3:atemp>8.0</ns3:atemp>
            <ns3:hr>148</ns3:hr>
          </ns3:TrackPointExtension>
        </extensions>
      </trkpt>
      <trkpt lat="-45.0299885217100382" lon="168.6539339181035757">
        <ele>473.399993896484375</ele>
        <time>2026-09-30T21:42:16.000Z</time>
        <extensions>
          <ns3:TrackPointExtension>
            <ns3:atemp>8.0</ns3:atemp>
            <ns3:hr>148</ns3:hr>
          </ns3:TrackPointExtension>
        </extensions>
      </trkpt>
      <trkpt lat="-45.030039818957448" lon="168.6539380252361298">
        <ele>472.79998779296875</ele>
        <time>2026-09-30T21:42:17.000Z</time>
        <extensions>
          <ns3:TrackPointExtension>
            <ns3:atemp>8.0</ns3:atemp>
            <ns3:hr>147</ns3:hr>
          </ns3:TrackPointExtension>
        </extensions>
      </trkpt>
      <trkpt lat="-45.0301352050155401" lon="168.6539839580655098">
        <ele>472.20001220703125</ele>
        <time>2026-09-30T21:42:18.000Z</time>
        <extensions>
          <ns3:TrackPointExtension>
            <ns3:atemp>8.0</ns3:atemp>
            <ns3:hr>147</ns3:hr>
          </ns3:TrackPointExtension>
        </extensions>
      </trkpt>
      <trkpt lat="-45.0301891844719648" lon="168.6539743188768625">
        <ele>471.600006103515625</ele>
        <time>2026-09-30T21:42:19.000Z</time>
        <extensions>
          <ns3:TrackPointExtension>
            <ns3:atemp>8.0</ns3:atemp>
            <ns3:hr>148</ns3:hr>
          </ns3:TrackPointExtension>
        </extensions>
      </trkpt>
      <trkpt lat="-45.0302381347864866" lon="168.6540049966424704">
        <ele>471.0</ele>
        <time>2026-09-30T21:42:20.000Z</time>
        <extensions>
          <ns3:TrackPointExtension>
            <ns3:atemp>8.0</ns3:atemp>
            <ns3:hr>148</ns3:hr>
          </ns3:TrackPointExtension>
        </extensions>
      </trkpt>
      <trkpt lat="-45.030297813937068" lon="168.6540008895099163">
        <ele>470.0</ele>
        <time>2026-09-30T21:42:21.000Z</time>
        <extensions>
          <ns3:TrackPointExtension>
            <ns3:atemp>8.0</ns3:atemp>
            <ns3:hr>148</ns3:hr>
          </ns3:TrackPointExtension>
        </extensions>
      </trkpt>
      <trkpt lat="-45.0303388852626085" lon="168.6540338303893805">
        <ele>469.0</ele>
        <time>2026-09-30T21:42:22.000Z</time>
        <extensions>
          <ns3:TrackPointExtension>
            <ns3:atemp>8.0</ns3:atemp>
            <ns3:hr>149</ns3:hr>
          </ns3:TrackPointExtension>
        </extensions>
      </trkpt>
      <trkpt lat="-45.030407952144742" lon="168.6540170665830374">
        <ele>468.0</ele>
        <time>2026-09-30T21:42:23.000Z</time>
        <extensions>
          <ns3:TrackPointExtension>
            <ns3:atemp>8.0</ns3:atemp>
            <ns3:hr>149</ns3:hr>
          </ns3:TrackPointExtension>
        </extensions>
      </trkpt>
      <trkpt lat="-45.0304548908025026" lon="168.6540347523987293">
        <ele>466.600006103515625</ele>
        <time>2026-09-30T21:42:24.000Z</time>
        <extensions>
          <ns3:TrackPointExtension>
            <ns3:atemp>8.0</ns3:atemp>
            <ns3:hr>148</ns3:hr>
          </ns3:TrackPointExtension>
        </extensions>
      </trkpt>
      <trkpt lat="-45.030469810590148" lon="168.6540852952748537">
        <ele>465.399993896484375</ele>
        <time>2026-09-30T21:42:25.000Z</time>
        <extensions>
          <ns3:TrackPointExtension>
            <ns3:atemp>8.0</ns3:atemp>
            <ns3:hr>149</ns3:hr>
          </ns3:TrackPointExtension>
        </extensions>
      </trkpt>
      <trkpt lat="-45.0305185094475746" lon="168.6541218403726816">
        <ele>464.20001220703125</ele>
        <time>2026-09-30T21:42:26.000Z</time>
        <extensions>
          <ns3:TrackPointExtension>
            <ns3:atemp>8.0</ns3:atemp>
            <ns3:hr>150</ns3:hr>
          </ns3:TrackPointExtension>
        </extensions>
      </trkpt>
      <trkpt lat="-45.0305342674255371" lon="168.6541888117790222">
        <ele>463.0</ele>
        <time>2026-09-30T21:42:27.000Z</time>
        <extensions>
          <ns3:TrackPointExtension>
            <ns3:atemp>8.0</ns3:atemp>
            <ns3:hr>150</ns3:hr>
          </ns3:TrackPointExtension>
        </extensions>
      </trkpt>
      <trkpt lat="-45.0304938666522503" lon="168.6542532686144114">
        <ele>461.79998779296875</ele>
        <time>2026-09-30T21:42:28.000Z</time>
        <extensions>
          <ns3:TrackPointExtension>
            <ns3:atemp>8.0</ns3:atemp>
            <ns3:hr>151</ns3:hr>
          </ns3:TrackPointExtension>
        </extensions>
      </trkpt>
      <trkpt lat="-45.0304745882749557" lon="168.6543118581175804">
        <ele>460.600006103515625</ele>
        <time>2026-09-30T21:42:29.000Z</time>
        <extensions>
          <ns3:TrackPointExtension>
            <ns3:atemp>8.0</ns3:atemp>
            <ns3:hr>151</ns3:hr>
          </ns3:TrackPointExtension>
        </extensions>
      </trkpt>
      <trkpt lat="-45.0304619316011667" lon="168.6543518397957087">
        <ele>459.399993896484375</ele>
        <time>2026-09-30T21:42:30.000Z</time>
        <extensions>
          <ns3:TrackPointExtension>
            <ns3:atemp>8.0</ns3:atemp>
            <ns3:hr>152</ns3:hr>
          </ns3:TrackPointExtension>
        </extensions>
      </trkpt>
      <trkpt lat="-45.0304193515330553" lon="168.6544107645750046">
        <ele>458.399993896484375</ele>
        <time>2026-09-30T21:42:31.000Z</time>
        <extensions>
          <ns3:TrackPointExtension>
            <ns3:atemp>8.0</ns3:atemp>
            <ns3:hr>152</ns3:hr>
          </ns3:TrackPointExtension>
        </extensions>
      </trkpt>
      <trkpt lat="-45.0303683057427406" lon="168.6544207390397787">
        <ele>457.399993896484375</ele>
        <time>2026-09-30T21:42:32.000Z</time>
        <extensions>
          <ns3:TrackPointExtension>
            <ns3:atemp>8.0</ns3:atemp>
            <ns3:hr>152</ns3:hr>
          </ns3:TrackPointExtension>
        </extensions>
      </trkpt>
      <trkpt lat="-45.0303304195404053" lon="168.6545133590698242">
        <ele>456.20001220703125</ele>
        <time>2026-09-30T21:42:33.000Z</time>
        <extensions>
          <ns3:TrackPointExtension>
            <ns3:atemp>8.0</ns3:atemp>
            <ns3:hr>152</ns3:hr>
          </ns3:TrackPointExtension>
        </extensions>
      </trkpt>
      <trkpt lat="-45.0303114764392376" lon="168.654516963288188">
        <ele>455.0</ele>
        <time>2026-09-30T21:42:34.000Z</time>
        <extensions>
          <ns3:TrackPointExtension>
            <ns3:atemp>8.0</ns3:atemp>
            <ns3:hr>152</ns3:hr>
          </ns3:TrackPointExtension>
        </extensions>
      </trkpt>
      <trkpt lat="-45.0302449241280556" lon="168.6545410193502903">
        <ele>454.0</ele>
        <time>2026-09-30T21:42:35.000Z</time>
        <extensions>
          <ns3:TrackPointExtension>
            <ns3:atemp>8.0</ns3:atemp>
            <ns3:hr>153</ns3:hr>
          </ns3:TrackPointExtension>
        </extensions>
      </trkpt>
      <trkpt lat="-45.0302061159163713" lon="168.6545876227319241">
        <ele>452.79998779296875</ele>
        <time>2026-09-30T21:42:36.000Z</time>
        <extensions>
          <ns3:TrackPointExtension>
            <ns3:atemp>8.0</ns3:atemp>
            <ns3:hr>153</ns3:hr>
          </ns3:TrackPointExtension>
        </extensions>
      </trkpt>
      <trkpt lat="-45.0301584228873253" lon="168.6546169593930244">
        <ele>451.600006103515625</ele>
        <time>2026-09-30T21:42:37.000Z</time>
        <extensions>
          <ns3:TrackPointExtension>
            <ns3:atemp>8.0</ns3:atemp>
            <ns3:hr>152</ns3:hr>
          </ns3:TrackPointExtension>
        </extensions>
      </trkpt>
      <trkpt lat="-45.0301198661327362" lon="168.6546080745756626">
        <ele>450.399993896484375</ele>
        <time>2026-09-30T21:42:38.000Z</time>
        <extensions>
          <ns3:TrackPointExtension>
            <ns3:atemp>8.0</ns3:atemp>
            <ns3:hr>153</ns3:hr>
          </ns3:TrackPointExtension>
        </extensions>
      </trkpt>
      <trkpt lat="-45.0300532300025225" lon="168.6546499002724886">
        <ele>449.399993896484375</ele>
        <time>2026-09-30T21:42:39.000Z</time>
        <extensions>
          <ns3:TrackPointExtension>
            <ns3:atemp>8.0</ns3:atemp>
            <ns3:hr>153</ns3:hr>
          </ns3:TrackPointExtension>
        </extensions>
      </trkpt>
      <trkpt lat="-45.0300287548452616" lon="168.6546949110925198">
        <ele>448.0</ele>
        <time>2026-09-30T21:42:40.000Z</time>
        <extensions>
          <ns3:TrackPointExtension>
            <ns3:atemp>8.0</ns3:atemp>
            <ns3:hr>154</ns3:hr>
          </ns3:TrackPointExtension>
        </extensions>
      </trkpt>
      <trkpt lat="-45.0299672316759825" lon="168.6546892952173948">
        <ele>447.0</ele>
        <time>2026-09-30T21:42:41.000Z</time>
        <extensions>
          <ns3:TrackPointExtension>
            <ns3:atemp>8.0</ns3:atemp>
            <ns3:hr>154</ns3:hr>
          </ns3:TrackPointExtension>
        </extensions>
      </trkpt>
      <trkpt lat="-45.029890788719058" lon="168.6547194700688124">
        <ele>445.79998779296875</ele>
        <time>2026-09-30T21:42:42.000Z</time>
        <extensions>
          <ns3:TrackPointExtension>
            <ns3:atemp>8.0</ns3:atemp>
            <ns3:hr>153</ns3:hr>
          </ns3:TrackPointExtension>
        </extensions>
      </trkpt>
      <trkpt lat="-45.029863128438592" lon="168.6547158658504486">
        <ele>444.79998779296875</ele>
        <time>2026-09-30T21:42:43.000Z</time>
        <extensions>
          <ns3:TrackPointExtension>
            <ns3:atemp>8.0</ns3:atemp>
            <ns3:hr>153</ns3:hr>
          </ns3:TrackPointExtension>
        </extensions>
      </trkpt>
      <trkpt lat="-45.0298245716840029" lon="168.6547220684587955">
        <ele>443.600006103515625</ele>
        <time>2026-09-30T21:42:44.000Z</time>
        <extensions>
          <ns3:TrackPointExtension>
            <ns3:atemp>8.0</ns3:atemp>
            <ns3:hr>153</ns3:hr>
          </ns3:TrackPointExtension>
        </extensions>
      </trkpt>
      <trkpt lat="-45.0297518167644739" lon="168.6547218170017004">
        <ele>442.600006103515625</ele>
        <time>2026-09-30T21:42:45.000Z</time>
        <extensions>
          <ns3:TrackPointExtension>
            <ns3:atemp>8.0</ns3:atemp>
            <ns3:hr>154</ns3:hr>
          </ns3:TrackPointExtension>
        </extensions>
      </trkpt>
      <trkpt lat="-45.0297136791050434" lon="168.6547631397843361">
        <ele>441.20001220703125</ele>
        <time>2026-09-30T21:42:46.000Z</time>
        <extensions>
          <ns3:TrackPointExtension>
            <ns3:atemp>8.0</ns3:atemp>
            <ns3:hr>153</ns3:hr>
          </ns3:TrackPointExtension>
        </extensions>
      </trkpt>
      <trkpt lat="-45.0296612083911896" lon="168.6547763831913471">
        <ele>440.399993896484375</ele>
        <time>2026-09-30T21:42:47.000Z</time>
        <extensions>
          <ns3:TrackPointExtension>
            <ns3:atemp>8.0</ns3:atemp>
            <ns3:hr>155</ns3:hr>
          </ns3:TrackPointExtension>
        </extensions>
      </trkpt>
      <trkpt lat="-45.0295931473374367" lon="168.6547950748354197">
        <ele>439.600006103515625</ele>
        <time>2026-09-30T21:42:48.000Z</time>
        <extensions>
          <ns3:TrackPointExtension>
            <ns3:atemp>8.0</ns3:atemp>
            <ns3:hr>153</ns3:hr>
          </ns3:TrackPointExtension>
        </extensions>
      </trkpt>
      <trkpt lat="-45.0295431073755026" lon="168.6548146884888411">
        <ele>438.79998779296875</ele>
        <time>2026-09-30T21:42:49.000Z</time>
        <extensions>
          <ns3:TrackPointExtension>
            <ns3:atemp>8.0</ns3:atemp>
            <ns3:hr>153</ns3:hr>
          </ns3:TrackPointExtension>
        </extensions>
      </trkpt>
      <trkpt lat="-45.0294628087431192" lon="168.6548167001456022">
        <ele>438.0</ele>
        <time>2026-09-30T21:42:50.000Z</time>
        <extensions>
          <ns3:TrackPointExtension>
            <ns3:atemp>8.0</ns3:atemp>
            <ns3:hr>153</ns3:hr>
          </ns3:TrackPointExtension>
        </extensions>
      </trkpt>
      <trkpt lat="-45.029390724375844" lon="168.654808234423399">
        <ele>437.0</ele>
        <time>2026-09-30T21:42:51.000Z</time>
        <extensions>
          <ns3:TrackPointExtension>
            <ns3:atemp>8.0</ns3:atemp>
            <ns3:hr>153</ns3:hr>
          </ns3:TrackPointExtension>
        </extensions>
      </trkpt>
      <trkpt lat="-45.0293314643204212" lon="168.654830027371645">
        <ele>436.399993896484375</ele>
        <time>2026-09-30T21:42:52.000Z</time>
        <extensions>
          <ns3:TrackPointExtension>
            <ns3:atemp>8.0</ns3:atemp>
            <ns3:hr>152</ns3:hr>
          </ns3:TrackPointExtension>
        </extensions>
      </trkpt>
      <trkpt lat="-45.0292705278843641" lon="168.6548554245382547">
        <ele>435.600006103515625</ele>
        <time>2026-09-30T21:42:53.000Z</time>
        <extensions>
          <ns3:TrackPointExtension>
            <ns3:atemp>8.0</ns3:atemp>
            <ns3:hr>152</ns3:hr>
          </ns3:TrackPointExtension>
        </extensions>
      </trkpt>
      <trkpt lat="-45.0292147882282734" lon="168.6548669915646315">
        <ele>435.0</ele>
        <time>2026-09-30T21:42:54.000Z</time>
        <extensions>
          <ns3:TrackPointExtension>
            <ns3:atemp>8.0</ns3:atemp>
            <ns3:hr>153</ns3:hr>
          </ns3:TrackPointExtension>
        </extensions>
      </trkpt>
      <trkpt lat="-45.0290978606790304" lon="168.6549348849803209">
        <ele>434.20001220703125</ele>
        <time>2026-09-30T21:42:55.000Z</time>
        <extensions>
          <ns3:TrackPointExtension>
            <ns3:atemp>8.0</ns3:atemp>
            <ns3:hr>154</ns3:hr>
          </ns3:TrackPointExtension>
        </extensions>
      </trkpt>
      <trkpt lat="-45.0290416181087494" lon="168.6549394112080336">
        <ele>433.20001220703125</ele>
        <time>2026-09-30T21:42:56.000Z</time>
        <extensions>
          <ns3:TrackPointExtension>
            <ns3:atemp>8.0</ns3:atemp>
            <ns3:hr>153</ns3:hr>
          </ns3:TrackPointExtension>
        </extensions>
      </trkpt>
      <trkpt lat="-45.0289844535291195" lon="168.6549524869769812">
        <ele>432.399993896484375</ele>
        <time>2026-09-30T21:42:57.000Z</time>
        <extensions>
          <ns3:TrackPointExtension>
            <ns3:atemp>8.0</ns3:atemp>
            <ns3:hr>153</ns3:hr>
          </ns3:TrackPointExtension>
        </extensions>
      </trkpt>
      <trkpt lat="-45.0289419572800398" lon="168.6549766268581152">
        <ele>431.79998779296875</ele>
        <time>2026-09-30T21:42:58.000Z</time>
        <extensions>
          <ns3:TrackPointExtension>
            <ns3:atemp>8.0</ns3:atemp>
            <ns3:hr>152</ns3:hr>
          </ns3:TrackPointExtension>
        </extensions>
      </trkpt>
      <trkpt lat="-45.0288780871778727" lon="168.6550233978778124">
        <ele>431.20001220703125</ele>
        <time>2026-09-30T21:42:59.000Z</time>
        <extensions>
          <ns3:TrackPointExtension>
            <ns3:atemp>8.0</ns3:atemp>
            <ns3:hr>152</ns3:hr>
          </ns3:TrackPointExtension>
        </extensions>
      </trkpt>
      <trkpt lat="-45.0288232695311308" lon="168.6550660617649555">
        <ele>430.20001220703125</ele>
        <time>2026-09-30T21:43:00.000Z</time>
        <extensions>
          <ns3:TrackPointExtension>
            <ns3:atemp>8.0</ns3:atemp>
            <ns3:hr>153</ns3:hr>
          </ns3:TrackPointExtension>
        </extensions>
      </trkpt>
      <trkpt lat="-45.0287314038723707" lon="168.6550607811659575">
        <ele>429.399993896484375</ele>
        <time>2026-09-30T21:43:01.000Z</time>
        <extensions>
          <ns3:TrackPointExtension>
            <ns3:atemp>8.0</ns3:atemp>
            <ns3:hr>152</ns3:hr>
          </ns3:TrackPointExtension>
        </extensions>
      </trkpt>
      <trkpt lat="-45.0286771729588509" lon="168.6550997570157051">
        <ele>428.600006103515625</ele>
        <time>2026-09-30T21:43:02.000Z</time>
        <extensions>
          <ns3:TrackPointExtension>
            <ns3:atemp>8.0</ns3:atemp>
            <ns3:hr>152</ns3:hr>
          </ns3:TrackPointExtension>
        </extensions>
      </trkpt>
      <trkpt lat="-45.0286304019391537" lon="168.6550787184387445">
        <ele>427.79998779296875</ele>
        <time>2026-09-30T21:43:03.000Z</time>
        <extensions>
          <ns3:TrackPointExtension>
            <ns3:atemp>8.0</ns3:atemp>
            <ns3:hr>153</ns3:hr>
          </ns3:TrackPointExtension>
        </extensions>
      </trkpt>
      <trkpt lat="-45.0285640172660351" lon="168.6551280040293932">
        <ele>427.0</ele>
        <time>2026-09-30T21:43:04.000Z</time>
        <extensions>
          <ns3:TrackPointExtension>
            <ns3:atemp>8.0</ns3:atemp>
            <ns3:hr>151</ns3:hr>
          </ns3:TrackPointExtension>
        </extensions>
      </trkpt>
      <trkpt lat="-45.028485981747508" lon="168.6551313567906618">
        <ele>426.0</ele>
        <time>2026-09-30T21:43:05.000Z</time>
        <extensions>
          <ns3:TrackPointExtension>
            <ns3:atemp>8.0</ns3:atemp>
            <ns3:hr>151</ns3:hr>
          </ns3:TrackPointExtension>
        </extensions>
      </trkpt>
      <trkpt lat="-45.0284361094236374" lon="168.6551905330270529">
        <ele>425.399993896484375</ele>
        <time>2026-09-30T21:43:06.000Z</time>
        <extensions>
          <ns3:TrackPointExtension>
            <ns3:atemp>8.0</ns3:atemp>
            <ns3:hr>152</ns3:hr>
          </ns3:TrackPointExtension>
        </extensions>
      </trkpt>
      <trkpt lat="-45.028377017006278" lon="168.6551902815699577">
        <ele>424.79998779296875</ele>
        <time>2026-09-30T21:43:07.000Z</time>
        <extensions>
          <ns3:TrackPointExtension>
            <ns3:atemp>8.0</ns3:atemp>
            <ns3:hr>150</ns3:hr>
          </ns3:TrackPointExtension>
        </extensions>
      </trkpt>
      <trkpt lat="-45.0283136498183012" lon="168.6552476976066828">
        <ele>423.79998779296875</ele>
        <time>2026-09-30T21:43:08.000Z</time>
        <extensions>
          <ns3:TrackPointExtension>
            <ns3:atemp>8.0</ns3:atemp>
            <ns3:hr>150</ns3:hr>
          </ns3:TrackPointExtension>
        </extensions>
      </trkpt>
      <trkpt lat="-45.0282987300306559" lon="168.6553628649562597">
        <ele>423.20001220703125</ele>
        <time>2026-09-30T21:43:09.000Z</time>
        <extensions>
          <ns3:TrackPointExtension>
            <ns3:atemp>8.0</ns3:atemp>
            <ns3:hr>150</ns3:hr>
          </ns3:TrackPointExtension>
        </extensions>
      </trkpt>
      <trkpt lat="-45.0283040106296539" lon="168.6554352007806301">
        <ele>422.399993896484375</ele>
        <time>2026-09-30T21:43:10.000Z</time>
        <extensions>
          <ns3:TrackPointExtension>
            <ns3:atemp>8.0</ns3:atemp>
            <ns3:hr>151</ns3:hr>
          </ns3:TrackPointExtension>
        </extensions>
      </trkpt>
      <trkpt lat="-45.028355224058032" lon="168.6555437464267015">
        <ele>421.600006103515625</ele>
        <time>2026-09-30T21:43:11.000Z</time>
        <extensions>
          <ns3:TrackPointExtension>
            <ns3:atemp>8.0</ns3:atemp>
            <ns3:hr>150</ns3:hr>
          </ns3:TrackPointExtension>
        </extensions>
      </trkpt>
      <trkpt lat="-45.0283618457615376" lon="168.6555928643792868">
        <ele>420.79998779296875</ele>
        <time>2026-09-30T21:43:12.000Z</time>
        <extensions>
          <ns3:TrackPointExtension>
            <ns3:atemp>8.0</ns3:atemp>
            <ns3:hr>150</ns3:hr>
          </ns3:TrackPointExtension>
        </extensions>
      </trkpt>
      <trkpt lat="-45.0284352712333202" lon="168.6556745879352093">
        <ele>420.0</ele>
        <time>2026-09-30T21:43:13.000Z</time>
        <extensions>
          <ns3:TrackPointExtension>
            <ns3:atemp>8.0</ns3:atemp>
            <ns3:hr>150</ns3:hr>
          </ns3:TrackPointExtension>
        </extensions>
      </trkpt>
      <trkpt lat="-45.0284647755324841" lon="168.6557162459939718">
        <ele>419.0</ele>
        <time>2026-09-30T21:43:14.000Z</time>
        <extensions>
          <ns3:TrackPointExtension>
            <ns3:atemp>8.0</ns3:atemp>
            <ns3:hr>150</ns3:hr>
          </ns3:TrackPointExtension>
        </extensions>
      </trkpt>
      <trkpt lat="-45.0285147316753864" lon="168.655775086954236">
        <ele>418.79998779296875</ele>
        <time>2026-09-30T21:43:15.000Z</time>
        <extensions>
          <ns3:TrackPointExtension>
            <ns3:atemp>8.0</ns3:atemp>
            <ns3:hr>150</ns3:hr>
          </ns3:TrackPointExtension>
        </extensions>
      </trkpt>
      <trkpt lat="-45.0285658612847328" lon="168.6557827144861221">
        <ele>418.20001220703125</ele>
        <time>2026-09-30T21:43:16.000Z</time>
        <extensions>
          <ns3:TrackPointExtension>
            <ns3:atemp>8.0</ns3:atemp>
            <ns3:hr>149</ns3:hr>
          </ns3:TrackPointExtension>
        </extensions>
      </trkpt>
      <trkpt lat="-45.0286274682730436" lon="168.6558233667165041">
        <ele>418.0</ele>
        <time>2026-09-30T21:43:17.000Z</time>
        <extensions>
          <ns3:TrackPointExtension>
            <ns3:atemp>8.0</ns3:atemp>
            <ns3:hr>148</ns3:hr>
          </ns3:TrackPointExtension>
        </extensions>
      </trkpt>
      <trkpt lat="-45.0286541227251291" lon="168.6558340955525637">
        <ele>417.399993896484375</ele>
        <time>2026-09-30T21:43:18.000Z</time>
        <extensions>
          <ns3:TrackPointExtension>
            <ns3:atemp>8.0</ns3:atemp>
            <ns3:hr>148</ns3:hr>
          </ns3:TrackPointExtension>
        </extensions>
      </trkpt>
      <trkpt lat="-45.0286896619945765" lon="168.6558750830590725">
        <ele>417.20001220703125</ele>
        <time>2026-09-30T21:43:19.000Z</time>
        <extensions>
          <ns3:TrackPointExtension>
            <ns3:atemp>8.0</ns3:atemp>
            <ns3:hr>147</ns3:hr>
          </ns3:TrackPointExtension>
        </extensions>
      </trkpt>
      <trkpt lat="-45.0287619978189468" lon="168.6558829620480537">
        <ele>416.600006103515625</ele>
        <time>2026-09-30T21:43:20.000Z</time>
        <extensions>
          <ns3:TrackPointExtension>
            <ns3:atemp>8.0</ns3:atemp>
            <ns3:hr>147</ns3:hr>
          </ns3:TrackPointExtension>
        </extensions>
      </trkpt>
      <trkpt lat="-45.0288231018930674" lon="168.6558875720947981">
        <ele>416.399993896484375</ele>
        <time>2026-09-30T21:43:21.000Z</time>
        <extensions>
          <ns3:TrackPointExtension>
            <ns3:atemp>8.0</ns3:atemp>
            <ns3:hr>147</ns3:hr>
          </ns3:TrackPointExtension>
        </extensions>
      </trkpt>
      <trkpt lat="-45.0288923364132643" lon="168.6559451557695866">
        <ele>416.20001220703125</ele>
        <time>2026-09-30T21:43:22.000Z</time>
        <extensions>
          <ns3:TrackPointExtension>
            <ns3:atemp>8.0</ns3:atemp>
            <ns3:hr>146</ns3:hr>
          </ns3:TrackPointExtension>
        </extensions>
      </trkpt>
      <trkpt lat="-45.0289104413241148" lon="168.6559191718697548">
        <ele>415.79998779296875</ele>
        <time>2026-09-30T21:43:23.000Z</time>
        <extensions>
          <ns3:TrackPointExtension>
            <ns3:atemp>8.0</ns3:atemp>
            <ns3:hr>146</ns3:hr>
          </ns3:TrackPointExtension>
        </extensions>
      </trkpt>
      <trkpt lat="-45.0289788376539946" lon="168.6559277214109898">
        <ele>415.399993896484375</ele>
        <time>2026-09-30T21:43:24.000Z</time>
        <extensions>
          <ns3:TrackPointExtension>
            <ns3:atemp>8.0</ns3:atemp>
            <ns3:hr>147</ns3:hr>
          </ns3:TrackPointExtension>
        </extensions>
      </trkpt>
      <trkpt lat="-45.0290453061461449" lon="168.6559350974857807">
        <ele>415.0</ele>
        <time>2026-09-30T21:43:25.000Z</time>
        <extensions>
          <ns3:TrackPointExtension>
            <ns3:atemp>8.0</ns3:atemp>
            <ns3:hr>147</ns3:hr>
          </ns3:TrackPointExtension>
        </extensions>
      </trkpt>
      <trkpt lat="-45.0290777441114187" lon="168.6559810303151608">
        <ele>414.399993896484375</ele>
        <time>2026-09-30T21:43:26.000Z</time>
        <extensions>
          <ns3:TrackPointExtension>
            <ns3:atemp>8.0</ns3:atemp>
            <ns3:hr>147</ns3:hr>
          </ns3:TrackPointExtension>
        </extensions>
      </trkpt>
      <trkpt lat="-45.0291401892900467" lon="168.6559930164366961">
        <ele>414.20001220703125</ele>
        <time>2026-09-30T21:43:27.000Z</time>
        <extensions>
          <ns3:TrackPointExtension>
            <ns3:atemp>8.0</ns3:atemp>
            <ns3:hr>147</ns3:hr>
          </ns3:TrackPointExtension>
        </extensions>
      </trkpt>
      <trkpt lat="-45.0292115192860365" lon="168.6559748277068138">
        <ele>413.79998779296875</ele>
        <time>2026-09-30T21:43:28.000Z</time>
        <extensions>
          <ns3:TrackPointExtension>
            <ns3:atemp>8.0</ns3:atemp>
            <ns3:hr>146</ns3:hr>
          </ns3:TrackPointExtension>
        </extensions>
      </trkpt>
      <trkpt lat="-45.029281172901392" lon="168.6560054216533899">
        <ele>413.600006103515625</ele>
        <time>2026-09-30T21:43:29.000Z</time>
        <extensions>
          <ns3:TrackPointExtension>
            <ns3:atemp>8.0</ns3:atemp>
            <ns3:hr>146</ns3:hr>
          </ns3:TrackPointExtension>
        </extensions>
      </trkpt>
      <trkpt lat="-45.0293118506669998" lon="168.6560183297842741">
        <ele>413.399993896484375</ele>
        <time>2026-09-30T21:43:30.000Z</time>
        <extensions>
          <ns3:TrackPointExtension>
            <ns3:atemp>8.0</ns3:atemp>
            <ns3:hr>146</ns3:hr>
          </ns3:TrackPointExtension>
        </extensions>
      </trkpt>
      <trkpt lat="-45.0293636508285999" lon="168.6560385301709175">
        <ele>412.79998779296875</ele>
        <time>2026-09-30T21:43:31.000Z</time>
        <extensions>
          <ns3:TrackPointExtension>
            <ns3:atemp>8.0</ns3:atemp>
            <ns3:hr>145</ns3:hr>
          </ns3:TrackPointExtension>
        </extensions>
      </trkpt>
      <trkpt lat="-45.0294091645628214" lon="168.6560338363051414">
        <ele>412.600006103515625</ele>
        <time>2026-09-30T21:43:32.000Z</time>
        <extensions>
          <ns3:TrackPointExtension>
            <ns3:atemp>8.0</ns3:atemp>
            <ns3:hr>146</ns3:hr>
          </ns3:TrackPointExtension>
        </extensions>
      </trkpt>
      <trkpt lat="-45.029454343020916" lon="168.6560609936714172">
        <ele>412.20001220703125</ele>
        <time>2026-09-30T21:43:33.000Z</time>
        <extensions>
          <ns3:TrackPointExtension>
            <ns3:atemp>8.0</ns3:atemp>
            <ns3:hr>146</ns3:hr>
          </ns3:TrackPointExtension>
        </extensions>
      </trkpt>
      <trkpt lat="-45.0295277684926987" lon="168.6560655198991299">
        <ele>412.0</ele>
        <time>2026-09-30T21:43:34.000Z</time>
        <extensions>
          <ns3:TrackPointExtension>
            <ns3:atemp>8.0</ns3:atemp>
            <ns3:hr>146</ns3:hr>
          </ns3:TrackPointExtension>
        </extensions>
      </trkpt>
      <trkpt lat="-45.0295427720993757" lon="168.6561257857829332">
        <ele>411.79998779296875</ele>
        <time>2026-09-30T21:43:35.000Z</time>
        <extensions>
          <ns3:TrackPointExtension>
            <ns3:atemp>8.0</ns3:atemp>
            <ns3:hr>147</ns3:hr>
          </ns3:TrackPointExtension>
        </extensions>
      </trkpt>
      <trkpt lat="-45.0296114198863506" lon="168.6560844630002975">
        <ele>411.20001220703125</ele>
        <time>2026-09-30T21:43:36.000Z</time>
        <extensions>
          <ns3:TrackPointExtension>
            <ns3:atemp>8.0</ns3:atemp>
            <ns3:hr>147</ns3:hr>
          </ns3:TrackPointExtension>
        </extensions>
      </trkpt>
      <trkpt lat="-45.0296793971210718" lon="168.6561361793428659">
        <ele>411.0</ele>
        <time>2026-09-30T21:43:37.000Z</time>
        <extensions>
          <ns3:TrackPointExtension>
            <ns3:atemp>8.0</ns3:atemp>
            <ns3:hr>147</ns3:hr>
          </ns3:TrackPointExtension>
        </extensions>
      </trkpt>
      <trkpt lat="-45.0297253299504519" lon="168.6561283003538847">
        <ele>410.600006103515625</ele>
        <time>2026-09-30T21:43:38.000Z</time>
        <extensions>
          <ns3:TrackPointExtension>
            <ns3:atemp>8.0</ns3:atemp>
            <ns3:hr>147</ns3:hr>
          </ns3:TrackPointExtension>
        </extensions>
      </trkpt>
      <trkpt lat="-45.0297727715224028" lon="168.6561279650777578">
        <ele>410.399993896484375</ele>
        <time>2026-09-30T21:43:39.000Z</time>
        <extensions>
          <ns3:TrackPointExtension>
            <ns3:atemp>8.0</ns3:atemp>
            <ns3:hr>146</ns3:hr>
          </ns3:TrackPointExtension>
        </extensions>
      </trkpt>
      <trkpt lat="-45.0298232305794954" lon="168.6561657674610615">
        <ele>410.0</ele>
        <time>2026-09-30T21:43:40.000Z</time>
        <extensions>
          <ns3:TrackPointExtension>
            <ns3:atemp>8.0</ns3:atemp>
            <ns3:hr>147</ns3:hr>
          </ns3:TrackPointExtension>
        </extensions>
      </trkpt>
      <trkpt lat="-45.0298898667097092" lon="168.6561796814203262">
        <ele>409.79998779296875</ele>
        <time>2026-09-30T21:43:41.000Z</time>
        <extensions>
          <ns3:TrackPointExtension>
            <ns3:atemp>8.0</ns3:atemp>
            <ns3:hr>148</ns3:hr>
          </ns3:TrackPointExtension>
        </extensions>
      </trkpt>
      <trkpt lat="-45.0299445167183876" lon="168.6562047433108091">
        <ele>409.20001220703125</ele>
        <time>2026-09-30T21:43:42.000Z</time>
        <extensions>
          <ns3:TrackPointExtension>
            <ns3:atemp>8.0</ns3:atemp>
            <ns3:hr>146</ns3:hr>
          </ns3:TrackPointExtension>
        </extensions>
      </trkpt>
      <trkpt lat="-45.0299979094415903" lon="168.6562226805835962">
        <ele>409.0</ele>
        <time>2026-09-30T21:43:43.000Z</time>
        <extensions>
          <ns3:TrackPointExtension>
            <ns3:atemp>8.0</ns3:atemp>
            <ns3:hr>146</ns3:hr>
          </ns3:TrackPointExtension>
        </extensions>
      </trkpt>
      <trkpt lat="-45.0300441775470972" lon="168.6562487483024597">
        <ele>408.600006103515625</ele>
        <time>2026-09-30T21:43:44.000Z</time>
        <extensions>
          <ns3:TrackPointExtension>
            <ns3:atemp>8.0</ns3:atemp>
            <ns3:hr>146</ns3:hr>
          </ns3:TrackPointExtension>
        </extensions>
      </trkpt>
      <trkpt lat="-45.0301015935838223" lon="168.6562906578183174">
        <ele>408.399993896484375</ele>
        <time>2026-09-30T21:43:45.000Z</time>
        <extensions>
          <ns3:TrackPointExtension>
            <ns3:atemp>8.0</ns3:atemp>
            <ns3:hr>144</ns3:hr>
          </ns3:TrackPointExtension>
        </extensions>
      </trkpt>
      <trkpt lat="-45.0301199499517679" lon="168.656344385817647">
        <ele>408.0</ele>
        <time>2026-09-30T21:43:46.000Z</time>
        <extensions>
          <ns3:TrackPointExtension>
            <ns3:atemp>8.0</ns3:atemp>
            <ns3:hr>145</ns3:hr>
          </ns3:TrackPointExtension>
        </extensions>
      </trkpt>
      <trkpt lat="-45.0301754381507635" lon="168.6563316453248262">
        <ele>407.399993896484375</ele>
        <time>2026-09-30T21:43:47.000Z</time>
        <extensions>
          <ns3:TrackPointExtension>
            <ns3:atemp>8.0</ns3:atemp>
            <ns3:hr>145</ns3:hr>
          </ns3:TrackPointExtension>
        </extensions>
      </trkpt>
      <trkpt lat="-45.0302366260439157" lon="168.6563663464039564">
        <ele>407.600006103515625</ele>
        <time>2026-09-30T21:43:48.000Z</time>
        <extensions>
          <ns3:TrackPointExtension>
            <ns3:atemp>8.0</ns3:atemp>
            <ns3:hr>144</ns3:hr>
          </ns3:TrackPointExtension>
        </extensions>
      </trkpt>
      <trkpt lat="-45.0302635319530964" lon="168.6563952639698982">
        <ele>407.20001220703125</ele>
        <time>2026-09-30T21:43:49.000Z</time>
        <extensions>
          <ns3:TrackPointExtension>
            <ns3:atemp>8.0</ns3:atemp>
            <ns3:hr>145</ns3:hr>
          </ns3:TrackPointExtension>
        </extensions>
      </trkpt>
      <trkpt lat="-45.0303192716091871" lon="168.6564236786216497">
        <ele>407.0</ele>
        <time>2026-09-30T21:43:50.000Z</time>
        <extensions>
          <ns3:TrackPointExtension>
            <ns3:atemp>8.0</ns3:atemp>
            <ns3:hr>143</ns3:hr>
          </ns3:TrackPointExtension>
        </extensions>
      </trkpt>
      <trkpt lat="-45.0303564872592688" lon="168.6564111057668924">
        <ele>406.79998779296875</ele>
        <time>2026-09-30T21:43:51.000Z</time>
        <extensions>
          <ns3:TrackPointExtension>
            <ns3:atemp>8.0</ns3:atemp>
            <ns3:hr>144</ns3:hr>
          </ns3:TrackPointExtension>
        </extensions>
      </trkpt>
      <trkpt lat="-45.0303903501480818" lon="168.6564440466463566">
        <ele>406.79998779296875</ele>
        <time>2026-09-30T21:43:52.000Z</time>
        <extensions>
          <ns3:TrackPointExtension>
            <ns3:atemp>8.0</ns3:atemp>
            <ns3:hr>142</ns3:hr>
          </ns3:TrackPointExtension>
        </extensions>
      </trkpt>
      <trkpt lat="-45.0304683018475771" lon="168.6564259417355061">
        <ele>406.600006103515625</ele>
        <time>2026-09-30T21:43:53.000Z</time>
        <extensions>
          <ns3:TrackPointExtension>
            <ns3:atemp>8.0</ns3:atemp>
            <ns3:hr>142</ns3:hr>
          </ns3:TrackPointExtension>
        </extensions>
      </trkpt>
      <trkpt lat="-45.0304876640439034" lon="168.6564598884433508">
        <ele>406.399993896484375</ele>
        <time>2026-09-30T21:43:54.000Z</time>
        <extensions>
          <ns3:TrackPointExtension>
            <ns3:atemp>8.0</ns3:atemp>
            <ns3:hr>142</ns3:hr>
          </ns3:TrackPointExtension>
        </extensions>
      </trkpt>
      <trkpt lat="-45.0305339321494102" lon="168.6564815137535334">
        <ele>406.399993896484375</ele>
        <time>2026-09-30T21:43:55.000Z</time>
        <extensions>
          <ns3:TrackPointExtension>
            <ns3:atemp>8.0</ns3:atemp>
            <ns3:hr>142</ns3:hr>
          </ns3:TrackPointExtension>
        </extensions>
      </trkpt>
      <trkpt lat="-45.030611464753747" lon="168.6564618162810802">
        <ele>406.20001220703125</ele>
        <time>2026-09-30T21:43:56.000Z</time>
        <extensions>
          <ns3:TrackPointExtension>
            <ns3:atemp>8.0</ns3:atemp>
            <ns3:hr>143</ns3:hr>
          </ns3:TrackPointExtension>
        </extensions>
      </trkpt>
      <trkpt lat="-45.0306444056332111" lon="168.6565156280994415">
        <ele>406.0</ele>
        <time>2026-09-30T21:43:57.000Z</time>
        <extensions>
          <ns3:TrackPointExtension>
            <ns3:atemp>8.0</ns3:atemp>
            <ns3:hr>143</ns3:hr>
          </ns3:TrackPointExtension>
        </extensions>
      </trkpt>
      <trkpt lat="-45.0306662824004889" lon="168.6565274465829134">
        <ele>405.79998779296875</ele>
        <time>2026-09-30T21:43:58.000Z</time>
        <extensions>
          <ns3:TrackPointExtension>
            <ns3:atemp>8.0</ns3:atemp>
            <ns3:hr>145</ns3:hr>
          </ns3:TrackPointExtension>
        </extensions>
      </trkpt>
      <trkpt lat="-45.0306817051023245" lon="168.6565168853849173">
        <ele>406.0</ele>
        <time>2026-09-30T21:43:59.000Z</time>
        <extensions>
          <ns3:TrackPointExtension>
            <ns3:atemp>8.0</ns3:atemp>
            <ns3:hr>145</ns3:hr>
          </ns3:TrackPointExtension>
        </extensions>
      </trkpt>
      <trkpt lat="-45.0307314097881317" lon="168.6565350741147995">
        <ele>405.600006103515625</ele>
        <time>2026-09-30T21:44:00.000Z</time>
        <extensions>
          <ns3:TrackPointExtension>
            <ns3:atemp>8.0</ns3:atemp>
            <ns3:hr>144</ns3:hr>
          </ns3:TrackPointExtension>
        </extensions>
      </trkpt>
      <trkpt lat="-45.0307758338749409" lon="168.6565350741147995">
        <ele>405.600006103515625</ele>
        <time>2026-09-30T21:44:01.000Z</time>
        <extensions>
          <ns3:TrackPointExtension>
            <ns3:atemp>8.0</ns3:atemp>
            <ns3:hr>144</ns3:hr>
          </ns3:TrackPointExtension>
        </extensions>
      </trkpt>
      <trkpt lat="-45.0308123789727688" lon="168.6565548554062843">
        <ele>405.600006103515625</ele>
        <time>2026-09-30T21:44:02.000Z</time>
        <extensions>
          <ns3:TrackPointExtension>
            <ns3:atemp>8.0</ns3:atemp>
            <ns3:hr>143</ns3:hr>
          </ns3:TrackPointExtension>
        </extensions>
      </trkpt>
      <trkpt lat="-45.0308733992278576" lon="168.6565430369228125">
        <ele>405.20001220703125</ele>
        <time>2026-09-30T21:44:03.000Z</time>
        <extensions>
          <ns3:TrackPointExtension>
            <ns3:atemp>8.0</ns3:atemp>
            <ns3:hr>143</ns3:hr>
          </ns3:TrackPointExtension>
        </extensions>
      </trkpt>
      <trkpt lat="-45.0308746565133333" lon="168.6566096730530262">
        <ele>405.20001220703125</ele>
        <time>2026-09-30T21:44:04.000Z</time>
        <extensions>
          <ns3:TrackPointExtension>
            <ns3:atemp>8.0</ns3:atemp>
            <ns3:hr>144</ns3:hr>
          </ns3:TrackPointExtension>
        </extensions>
      </trkpt>
      <trkpt lat="-45.0308972876518965" lon="168.6566676758229733">
        <ele>405.0</ele>
        <time>2026-09-30T21:44:05.000Z</time>
        <extensions>
          <ns3:TrackPointExtension>
            <ns3:atemp>8.0</ns3:atemp>
            <ns3:hr>145</ns3:hr>
          </ns3:TrackPointExtension>
        </extensions>
      </trkpt>
      <trkpt lat="-45.0308799371123314" lon="168.6567457113415003">
        <ele>404.79998779296875</ele>
        <time>2026-09-30T21:44:06.000Z</time>
        <extensions>
          <ns3:TrackPointExtension>
            <ns3:atemp>8.0</ns3:atemp>
            <ns3:hr>144</ns3:hr>
          </ns3:TrackPointExtension>
        </extensions>
      </trkpt>
      <trkpt lat="-45.0308547075837851" lon="168.6567978467792273">
        <ele>404.600006103515625</ele>
        <time>2026-09-30T21:44:07.000Z</time>
        <extensions>
          <ns3:TrackPointExtension>
            <ns3:atemp>8.0</ns3:atemp>
            <ns3:hr>144</ns3:hr>
          </ns3:TrackPointExtension>
        </extensions>
      </trkpt>
      <trkpt lat="-45.0308244489133358" lon="168.6568383313715458">
        <ele>404.399993896484375</ele>
        <time>2026-09-30T21:44:08.000Z</time>
        <extensions>
          <ns3:TrackPointExtension>
            <ns3:atemp>8.0</ns3:atemp>
            <ns3:hr>144</ns3:hr>
          </ns3:TrackPointExtension>
        </extensions>
      </trkpt>
      <trkpt lat="-45.0307958666235209" lon="168.6569148581475019">
        <ele>404.0</ele>
        <time>2026-09-30T21:44:09.000Z</time>
        <extensions>
          <ns3:TrackPointExtension>
            <ns3:atemp>8.0</ns3:atemp>
            <ns3:hr>144</ns3:hr>
          </ns3:TrackPointExtension>
        </extensions>
      </trkpt>
      <trkpt lat="-45.0307347625494003" lon="168.6569306161254644">
        <ele>404.0</ele>
        <time>2026-09-30T21:44:10.000Z</time>
        <extensions>
          <ns3:TrackPointExtension>
            <ns3:atemp>8.0</ns3:atemp>
            <ns3:hr>144</ns3:hr>
          </ns3:TrackPointExtension>
        </extensions>
      </trkpt>
      <trkpt lat="-45.0307134725153446" lon="168.6569560971111059">
        <ele>404.0</ele>
        <time>2026-09-30T21:44:11.000Z</time>
        <extensions>
          <ns3:TrackPointExtension>
            <ns3:atemp>8.0</ns3:atemp>
            <ns3:hr>143</ns3:hr>
          </ns3:TrackPointExtension>
        </extensions>
      </trkpt>
      <trkpt lat="-45.0306732393801212" lon="168.6570027004927397">
        <ele>403.399993896484375</ele>
        <time>2026-09-30T21:44:12.000Z</time>
        <extensions>
          <ns3:TrackPointExtension>
            <ns3:atemp>8.0</ns3:atemp>
            <ns3:hr>143</ns3:hr>
          </ns3:TrackPointExtension>
        </extensions>
      </trkpt>
      <trkpt lat="-45.0306324195116758" lon="168.6570296064019203">
        <ele>403.399993896484375</ele>
        <time>2026-09-30T21:44:13.000Z</time>
        <extensions>
          <ns3:TrackPointExtension>
            <ns3:atemp>8.0</ns3:atemp>
            <ns3:hr>142</ns3:hr>
          </ns3:TrackPointExtension>
        </extensions>
      </trkpt>
      <trkpt lat="-45.0306034181267023" lon="168.6570737790316343">
        <ele>403.399993896484375</ele>
        <time>2026-09-30T21:44:14.000Z</time>
        <extensions>
          <ns3:TrackPointExtension>
            <ns3:atemp>8.0</ns3:atemp>
            <ns3:hr>142</ns3:hr>
          </ns3:TrackPointExtension>
        </extensions>
      </trkpt>
      <trkpt lat="-45.0305648613721132" lon="168.6570943146944046">
        <ele>403.20001220703125</ele>
        <time>2026-09-30T21:44:15.000Z</time>
        <extensions>
          <ns3:TrackPointExtension>
            <ns3:atemp>8.0</ns3:atemp>
            <ns3:hr>143</ns3:hr>
          </ns3:TrackPointExtension>
        </extensions>
      </trkpt>
    </trkseg>
  </trk>
</gpx>
